{"displayName":"Marko","fileTypes":["marko"],"name":"marko","patterns":[{"begin":"^\\s*(style)(\\b[^\\s]*\\.css)?\\s+({)","beginCaptures":{"1":{"name":"support.type.builtin.marko"},"2":{"name":"storage.modifier.marko.css"},"3":{"name":"punctuation.section.scope.begin.marko.css"}},"comment":"CSS style block, eg: style { color: green }","contentName":"source.css","end":"}","endCaptures":{"0":{"name":"punctuation.section.scope.end.marko.css"}},"name":"meta.embedded.css","patterns":[{"include":"source.css"}]},{"begin":"^\\s*(style)(\\b[^\\s]*\\.less)\\s+({)","beginCaptures":{"1":{"name":"support.type.builtin.marko"},"2":{"name":"storage.modifier.marko.css"},"3":{"name":"punctuation.section.scope.begin.marko.css"}},"comment":"Less style block, eg: style.less { color: green }","contentName":"source.less","end":"}","endCaptures":{"0":{"name":"punctuation.section.scope.end.marko.css"}},"name":"meta.embedded.less","patterns":[{"include":"source.css.less"}]},{"begin":"^\\s*(style)(\\b[^\\s]*\\.scss)\\s+({)","beginCaptures":{"1":{"name":"support.type.builtin.marko"},"2":{"name":"storage.modifier.marko.css"},"3":{"name":"punctuation.section.scope.begin.marko.css"}},"comment":"SCSS style block, eg: style.scss { color: green }","contentName":"source.scss","end":"}","endCaptures":{"0":{"name":"punctuation.section.scope.end.marko.css"}},"name":"meta.embedded.scss","patterns":[{"include":"source.css.scss"}]},{"begin":"^\\s*(style)(\\b[^\\s]*\\.[tj]s)\\s+({)","beginCaptures":{"1":{"name":"support.type.builtin.marko"},"2":{"name":"storage.modifier.marko.css"},"3":{"name":"punctuation.section.scope.begin.marko.css"}},"comment":"JS/TS style block","contentName":"source.ts","end":"}","endCaptures":{"0":{"name":"punctuation.section.scope.end.marko.css"}},"name":"meta.embedded.ts","patterns":[{"include":"source.ts"}]},{"begin":"^\\s*(?:((?:static|server|client)\\b)|(?=(?:class|import|export)\\b))","beginCaptures":{"1":{"name":"keyword.control.static.marko"}},"comment":"Top level blocks parsed as JavaScript","contentName":"source.ts","end":"(?=\\n|$)","name":"meta.embedded.ts","patterns":[{"include":"source.ts"}]},{"include":"#content-concise-mode"}],"repository":{"attr-value":{"begin":"\\s*(:?=)\\s*","beginCaptures":{"1":{"patterns":[{"include":"source.ts"}]}},"comment":"Attribute value","contentName":"source.ts","end":"(?=[,;\\]]|/>|(?<=[^=>])>|(?<!^|[!~*%&^|?:]|[!~*%&^|?/<>+=-]=|[=>]>|[^.]\\.|[^-]-|[^+]\\+|[a-zA-Z0-9%).<\\]}]\\s/|[^.$\\w]await|[^.$\\w]async|[^.$\\w]class|[^.$\\w]function|[^.$\\w]keyof|[^.$\\w]new|[^.$\\w]readonly|[^.$\\w]infer|[^.$\\w]typeof|[^.$\\w]void)\\s+(?![\\n{(+!~*%&^|?:]|[<>/=-]=|[=>]>|\\.[^.]|-[^-]|/[^>]|(?:in|instanceof|satisfies|as|extends)\\s+[^:=/,;>]))","name":"meta.embedded.ts","patterns":[{"include":"#javascript-expression"}]},"attrs":{"patterns":[{"include":"#javascript-comments"},{"applyEndPatternLast":1,"begin":"(?:(key|on[a-zA-Z0-9_$-]+|[a-zA-Z0-9_$]+Change|no-update(?:-body)?(?:-if)?)|([a-zA-Z0-9_$][a-zA-Z0-9_$-]*)|(#[a-zA-Z0-9_$][a-zA-Z0-9_$-]*))(:[a-zA-Z0-9_$][a-zA-Z0-9_$-]*)?","beginCaptures":{"1":{"name":"support.type.attribute-name.marko"},"2":{"name":"entity.other.attribute-name.marko"},"3":{"name":"support.function.attribute-name.marko"},"4":{"name":"support.function.attribute-name.marko"}},"comment":"Attribute with optional value","end":"(?=.|$)","name":"meta.marko-attribute","patterns":[{"include":"#html-args-or-method"},{"include":"#attr-value"}]},{"begin":"(\\.\\.\\.)","beginCaptures":{"1":{"name":"keyword.operator.spread.marko"}},"comment":"A ...spread attribute","contentName":"source.ts","end":"(?=[,;\\]]|/>|(?<=[^=>])>|(?<!^|[!~*%&^|?:]|[!~*%&^|?/<>+=-]=|[=>]>|[^.]\\.|[^-]-|[^+]\\+|[a-zA-Z0-9%).<\\]}]\\s/|[^.$\\w]await|[^.$\\w]async|[^.$\\w]class|[^.$\\w]function|[^.$\\w]keyof|[^.$\\w]new|[^.$\\w]readonly|[^.$\\w]infer|[^.$\\w]typeof|[^.$\\w]void)\\s+(?![\\n{(+!~*%&^|?:]|[<>/=-]=|[=>]>|\\.[^.]|-[^-]|/[^>]|(?:in|instanceof|satisfies|as|extends)\\s+[^:=/,;>]))","name":"meta.marko-spread-attribute","patterns":[{"include":"#javascript-expression"}]},{"begin":"\\s*(,(?!,))","captures":{"1":{"name":"punctuation.separator.comma.marko"}},"comment":"Consume any whitespace after a comma","end":"(?=\\S)"},{"include":"#invalid"}]},"cdata":{"begin":"\\s*<!\\[CDATA\\[","beginCaptures":{"0":{"name":"punctuation.definition.tag.begin.marko"}},"contentName":"string.other.inline-data.marko","end":"]]>","endCaptures":{"0":{"name":"punctuation.definition.tag.end.marko"}},"name":"meta.tag.metadata.cdata.marko"},"concise-attr-group":{"begin":"\\s*(\\[)","beginCaptures":{"1":{"name":"punctuation.section.scope.begin.marko"}},"comment":"Matches a group of non newline sensitive attributes in square brackets.","end":"]","endCaptures":{"0":{"name":"punctuation.section.scope.end.marko"}},"patterns":[{"include":"#concise-attr-group"},{"begin":"\\s+","end":"(?=\\S)"},{"include":"#attrs"},{"include":"#invalid"}]},"concise-comment-block":{"begin":"\\s*(--+)\\s*$","beginCaptures":{"1":{"name":"punctuation.section.embedded.scope.begin.marko"}},"comment":"--- Embedded concise comment content block. ---","end":"\\1","endCaptures":{"0":{"name":"punctuation.section.embedded.scope.end.marko"}},"name":"meta.section.marko-comment-block","patterns":[{"include":"#content-embedded-comment"}]},"concise-comment-line":{"applyEndPatternLast":1,"begin":"\\s*(--+)","beginCaptures":{"1":{"name":"punctuation.section.embedded.scope.begin.marko"}},"comment":"-- Embedded concise comment content line.","end":"$","endCaptures":{"0":{"name":"punctuation.section.embedded.scope.end.marko"}},"name":"meta.section.marko-comment-line","patterns":[{"include":"#content-embedded-comment"}]},"concise-html-block":{"begin":"\\s*(--+)\\s*$","beginCaptures":{"1":{"name":"punctuation.section.embedded.scope.begin.marko"}},"comment":"--- HTML block within concise mode content. ---","end":"\\1","endCaptures":{"0":{"name":"punctuation.section.embedded.scope.end.marko"}},"name":"meta.section.marko-html-block","patterns":[{"include":"#content-html-mode"}]},"concise-html-line":{"captures":{"1":{"name":"punctuation.section.embedded.scope.begin.marko"},"2":{"patterns":[{"include":"#cdata"},{"include":"#doctype"},{"include":"#declaration"},{"include":"#javascript-comments-after-whitespace"},{"include":"#html-comment"},{"include":"#tag-html"},{"comment":"Match escape characters in text.","match":"\\\\.","name":"text.marko"},{"include":"#placeholder"},{"comment":"Match anything else as text.","match":".+?","name":"text.marko"}]},"3":{"name":"punctuation.section.embedded.scope.end.marko"}},"comment":"-- HTML line within concise mode content. (content-html-mode w/o scriptlet)","match":"\\s*(--+)(?=\\s+\\S)(.*)($)","name":"meta.section.marko-html-line"},"concise-open-tag-content":{"comment":"Handles everything from the start of the tag name until the body content begins.","patterns":[{"include":"#invalid-close-tag"},{"include":"#tag-before-attrs"},{"include":"#concise-semi-eol"},{"begin":"(?!^)[, \\t]","comment":"Matches unenclosed concise mode attributes.","end":"(?=--)|(?=\\n)","patterns":[{"include":"#concise-semi-eol"},{"include":"#concise-attr-group"},{"begin":"[ \\t]+","end":"(?=\\S|\\n)"},{"include":"#attrs"},{"include":"#invalid"}]}]},"concise-script-block":{"begin":"\\s*(--+)\\s*$","beginCaptures":{"1":{"name":"punctuation.section.embedded.scope.begin.marko"}},"comment":"--- Embedded concise script content block. ---","end":"\\1","endCaptures":{"0":{"name":"punctuation.section.embedded.scope.end.marko"}},"name":"meta.section.marko-script-block","patterns":[{"include":"#content-embedded-script"}]},"concise-script-line":{"applyEndPatternLast":1,"begin":"\\s*(--+)","beginCaptures":{"1":{"name":"punctuation.section.embedded.scope.begin.marko"}},"comment":"-- Embedded concise script content line.","end":"$","endCaptures":{"0":{"name":"punctuation.section.embedded.scope.end.marko"}},"name":"meta.section.marko-script-line","patterns":[{"include":"#content-embedded-script"}]},"concise-semi-eol":{"begin":"\\s*(;)","beginCaptures":{"1":{"name":"punctuation.terminator.marko"}},"comment":"Match spaces followed by a semi that represents the end of the line in concise mode.","end":"$","patterns":[{"include":"#javascript-comments"},{"include":"#html-comment"},{"include":"#invalid"}]},"concise-style-block":{"begin":"\\s*(--+)\\s*$","beginCaptures":{"1":{"name":"punctuation.section.embedded.scope.begin.marko"}},"comment":"--- Embedded concise style content block. ---","contentName":"source.css","end":"\\1","endCaptures":{"0":{"name":"punctuation.section.embedded.scope.end.marko"}},"name":"meta.section.marko-style-block","patterns":[{"include":"#content-embedded-style"}]},"concise-style-block-less":{"begin":"\\s*(--+)\\s*$","beginCaptures":{"1":{"name":"punctuation.section.embedded.scope.begin.marko"}},"comment":"--- Embedded concise style content block. ---","contentName":"source.less","end":"\\1","endCaptures":{"0":{"name":"punctuation.section.embedded.scope.end.marko"}},"name":"meta.section.marko-style-block","patterns":[{"include":"#content-embedded-style-less"}]},"concise-style-block-scss":{"begin":"\\s*(--+)\\s*$","beginCaptures":{"1":{"name":"punctuation.section.embedded.scope.begin.marko"}},"comment":"--- Embedded concise style content block. ---","contentName":"source.scss","end":"\\1","endCaptures":{"0":{"name":"punctuation.section.embedded.scope.end.marko"}},"name":"meta.section.marko-style-block","patterns":[{"include":"#content-embedded-style-scss"}]},"concise-style-line":{"applyEndPatternLast":1,"begin":"\\s*(--+)","beginCaptures":{"1":{"name":"punctuation.section.embedded.scope.begin.marko"}},"comment":"-- Embedded concise style content line.","contentName":"source.css","end":"$","endCaptures":{"0":{"name":"punctuation.section.embedded.scope.end.marko"}},"name":"meta.section.marko-style-line","patterns":[{"include":"#content-embedded-style"}]},"concise-style-line-less":{"applyEndPatternLast":1,"begin":"\\s*(--+)","beginCaptures":{"1":{"name":"punctuation.section.embedded.scope.begin.marko"}},"comment":"-- Embedded concise style content line.","contentName":"source.less","end":"$","endCaptures":{"0":{"name":"punctuation.section.embedded.scope.end.marko"}},"name":"meta.section.marko-style-line","patterns":[{"include":"#content-embedded-style-less"}]},"concise-style-line-scss":{"applyEndPatternLast":1,"begin":"\\s*(--+)","beginCaptures":{"1":{"name":"punctuation.section.embedded.scope.begin.marko"}},"comment":"-- Embedded concise style content line.","contentName":"source.scss","end":"$","endCaptures":{"0":{"name":"punctuation.section.embedded.scope.end.marko"}},"name":"meta.section.marko-style-line","patterns":[{"include":"#content-embedded-style-scss"}]},"content-concise-mode":{"comment":"Concise mode content block.","name":"meta.marko-concise-content","patterns":[{"include":"#scriptlet"},{"include":"#javascript-comments"},{"include":"#cdata"},{"include":"#doctype"},{"include":"#declaration"},{"include":"#html-comment"},{"include":"#concise-html-block"},{"include":"#concise-html-line"},{"include":"#invalid-close-tag"},{"include":"#tag-html"},{"comment":"A concise html tag.","patterns":[{"begin":"^(\\s*)(?=html-comment\\b)","comment":"Concise Marko html-comment tag","patterns":[{"include":"#concise-open-tag-content"},{"include":"#concise-comment-block"},{"include":"#concise-comment-line"}],"while":"(?=^(?:\\s*[})\\]`]|\\*/|\\s*$|\\1\\s+(\\S|$)))"},{"begin":"^(\\s*)(?=(?:html-)?style\\b[^\\s]*\\.less\\b)","comment":"Concise style tag less","patterns":[{"include":"#concise-open-tag-content"},{"include":"#concise-style-block-less"},{"include":"#concise-style-line-less"}],"while":"(?=^(?:\\s*[})\\]`]|\\*/|\\s*$|\\1\\s+(\\S|$)))"},{"begin":"^(\\s*)(?=(?:html-)?style\\b[^\\s]*\\.scss\\b)","comment":"Concise style tag scss","patterns":[{"include":"#concise-open-tag-content"},{"include":"#concise-style-block-scss"},{"include":"#concise-style-line-scss"}],"while":"(?=^(?:\\s*[})\\]`]|\\*/|\\s*$|\\1\\s+(\\S|$)))"},{"begin":"^(\\s*)(?=(?:html-)?style\\b[^\\s]*\\.[tj]s\\b)","comment":"Concise style tag js/ts","patterns":[{"include":"#concise-open-tag-content"},{"include":"#concise-script-block"},{"include":"#concise-script-line"}],"while":"(?=^(?:\\s*[})\\]`]|\\*/|\\s*$|\\1\\s+(\\S|$)))"},{"begin":"^(\\s*)(?=(?:html-)?style\\b)","comment":"Concise style tag","patterns":[{"include":"#concise-open-tag-content"},{"include":"#concise-style-block"},{"include":"#concise-style-line"}],"while":"(?=^(?:\\s*[})\\]`]|\\*/|\\s*$|\\1\\s+(\\S|$)))"},{"begin":"^(\\s*)(?=(?:html-)?script\\b)","comment":"Concise script tag","patterns":[{"include":"#concise-open-tag-content"},{"include":"#concise-script-block"},{"include":"#concise-script-line"}],"while":"(?=^(?:\\s*[})\\]`]|\\*/|\\s*$|\\1\\s+(\\S|$)))"},{"begin":"^([ \\t]*)(?=[a-zA-Z0-9_$@.#])","comment":"Normal concise tag","patterns":[{"include":"#concise-open-tag-content"},{"include":"#content-concise-mode"}],"while":"(?=^(?:\\s*[})\\]`]|\\*/|\\s*$|\\1\\s+(\\S|$)))"}]}]},"content-embedded-comment":{"comment":"Match comment content, but allow Marko placeholders.","patterns":[{"include":"#placeholder"},{"match":".","name":"comment.block.marko"}]},"content-embedded-script":{"comment":"Match script content, but allow Marko placeholders.","name":"meta.embedded.ts","patterns":[{"include":"#placeholder"},{"include":"source.ts"}]},"content-embedded-style":{"comment":"Match css content, but allow Marko placeholders.","name":"meta.embedded.css","patterns":[{"include":"#placeholder"},{"include":"source.css"}]},"content-embedded-style-less":{"comment":"Match less content, but allow Marko placeholders.","name":"meta.embedded.css.less","patterns":[{"include":"#placeholder"},{"include":"source.css.less"}]},"content-embedded-style-scss":{"comment":"Match scss content, but allow Marko placeholders.","name":"meta.embedded.css.scss","patterns":[{"include":"#placeholder"},{"include":"source.css.scss"}]},"content-html-mode":{"comment":"HTML mode content block.","patterns":[{"include":"#scriptlet"},{"include":"#cdata"},{"include":"#doctype"},{"include":"#declaration"},{"include":"#javascript-comments-after-whitespace"},{"include":"#html-comment"},{"include":"#invalid-close-tag"},{"include":"#tag-html"},{"match":"\\\\.","name":"text.marko"},{"include":"#placeholder"},{"match":".+?","name":"text.marko"}]},"declaration":{"begin":"(<\\?)\\s*([a-zA-Z0-9_$-]*)","captures":{"1":{"name":"punctuation.definition.tag.marko"},"2":{"name":"entity.name.tag.marko"}},"end":"(\\??>)","name":"meta.tag.metadata.processing.xml.marko","patterns":[{"captures":{"1":{"name":"entity.other.attribute-name.marko"},"2":{"name":"punctuation.separator.key-value.html"},"3":{"name":"string.quoted.double.marko"},"4":{"name":"string.quoted.single.marko"},"5":{"name":"string.unquoted.marko"}},"match":"((?:[^\\s=?>]+|\\?(?!>))+)(=)(?:(\"(?:[^\"\\\\]+|\\\\.)*\")|('(?:[^'\\\\]+|\\\\.)*')|((?:[^\\s?>]+|\\?(?!>))+))"}]},"doctype":{"begin":"\\s*<!(?=(?i:DOCTYPE\\s))","beginCaptures":{"0":{"name":"punctuation.definition.tag.begin.marko"}},"end":">","endCaptures":{"0":{"name":"punctuation.definition.tag.end.marko"}},"name":"meta.tag.metadata.doctype.marko","patterns":[{"match":"\\G(?i:DOCTYPE)","name":"entity.name.tag.marko"},{"begin":"\"","end":"\"","name":"string.quoted.double.marko"},{"match":"[^\\s>]+","name":"entity.other.attribute-name.marko"}]},"html-args-or-method":{"comment":"Matches parenthesis for arguments or continues into method shorthand if a { is found.","patterns":[{"include":"#tag-type-params"},{"begin":"\\s*(?=\\()","comment":"Javascript style arguments","contentName":"source.ts","end":"(?<=\\))","name":"meta.embedded.ts","patterns":[{"include":"source.ts#paren-expression"}]},{"begin":"(?<=\\))\\s*(?={)","comment":"Attribute method shorthand following parens","contentName":"source.ts","end":"(?<=})","name":"meta.embedded.ts","patterns":[{"include":"source.ts"}]}]},"html-comment":{"begin":"\\s*(<!(--)?)","beginCaptures":{"1":{"name":"punctuation.definition.comment.marko"}},"comment":"HTML comment","end":"\\2>","endCaptures":{"0":{"name":"punctuation.definition.comment.marko"}},"name":"comment.block.marko"},"invalid":{"comment":"Used to highlight characters in places where all valid characters should have been matched.","match":"\\S","name":"invalid.illegal.character-not-allowed-here.marko"},"invalid-close-tag":{"begin":"\\s*</.*?","end":">","name":"invalid.illegal.character-not-allowed-here.marko"},"javascript-comments":{"patterns":[{"begin":"\\s*(?=/\\*)","comment":"JavaScript /* block comment */","contentName":"source.ts","end":"(?<=\\*/)","patterns":[{"include":"source.ts"}]},{"captures":{"0":{"patterns":[{"include":"source.ts"}]}},"comment":"JavaScript // single line comment","contentName":"source.ts","match":"\\s*//.*$"}]},"javascript-comments-after-whitespace":{"patterns":[{"begin":"(?:^|\\s+)(?=/\\*)","comment":"JavaScript /* block comment */","contentName":"source.ts","end":"(?<=\\*/)","patterns":[{"include":"source.ts"}]},{"captures":{"0":{"patterns":[{"include":"source.ts"}]}},"comment":"JavaScript // single line comment","contentName":"source.ts","match":"(?:^|\\s+)//.*$"}]},"javascript-expression":{"comment":"Matches JavaScript source code, but always continues for certain types of expressions.","patterns":[{"include":"#javascript-comments"},{"captures":{"0":{"patterns":[{"include":"source.ts"}]}},"comment":"We must match the some expressions ourselves since otherwise the js grammar can overstep.","contentName":"source.ts","match":"(?:\\s*\\b(?:as|await|extends|in|instanceof|satisfies|keyof|new|typeof|void))+\\s+(?![:=/,;>])[a-zA-Z0-9_$@#]*"},{"applyEndPatternLast":1,"captures":{"0":{"name":"string.regexp.ts","patterns":[{"include":"source.ts#regexp"},{"include":"source.ts"}]}},"comment":"We must match regexps since otherwise it can be cutoff by self closed tags or comments.","contentName":"source.ts","match":"(?<![a-zA-Z0-9%).<\\]}])\\s*/(?:[^\\\\\\[/]+|\\\\.|\\[(?:[^\\\\\\]]+|\\\\.)*\\])*/[a-zA-Z]*"},{"include":"source.ts"}]},"javascript-placeholder":{"begin":"\\${","beginCaptures":{"0":{"name":"punctuation.definition.template-expression.begin.ts"}},"comment":"A JavaScript style template literal expression.","contentName":"source.ts","end":"}","endCaptures":{"0":{"name":"punctuation.definition.template-expression.end.ts"}},"patterns":[{"include":"source.ts"}]},"open-tag-content":{"comment":"Matches everything within an open tag from tag name to the last attr.","patterns":[{"include":"#invalid-close-tag"},{"include":"#tag-before-attrs"},{"begin":"(?!/?>)","comment":"Attributes begin after the first space within the tag name","end":"(?=/?>)","patterns":[{"include":"#attrs"}]}]},"placeholder":{"begin":"\\$!?{","beginCaptures":{"0":{"name":"punctuation.definition.template-expression.begin.ts"}},"comment":"A Marko template literal expression (allows $!{}).","contentName":"source.ts","end":"}","endCaptures":{"0":{"name":"punctuation.definition.template-expression.end.ts"}},"patterns":[{"include":"source.ts"}]},"scriptlet":{"begin":"^\\s*(\\$)\\s+","beginCaptures":{"1":{"name":"keyword.control.scriptlet.marko"}},"comment":"An inline JavaScript scriptlet.","contentName":"source.ts","end":"$","name":"meta.embedded.ts","patterns":[{"include":"source.ts"}]},"tag-before-attrs":{"comment":"Everything in a tag before the attributes content","patterns":[{"include":"#tag-name"},{"include":"#tag-shorthand-class-or-id"},{"begin":"/(?![/*])","beginCaptures":{"0":{"name":"punctuation.separator.tag-variable.marko"}},"comment":"Variable for a tag","contentName":"source.ts","end":"(?=[,;(|/><]|:?=|\\s+[^:]|$)","name":"meta.embedded.ts","patterns":[{"comment":"Match identifiers","match":"[a-zA-Z$_][0-9a-zA-Z$_]*","name":"variable.other.constant.object.ts"},{"begin":"{","captures":{"0":{"name":"punctuation.definition.binding-pattern.object.ts"}},"comment":"Match object pattern","end":"}","patterns":[{"include":"source.ts#object-binding-element"},{"include":"#javascript-expression"}]},{"begin":"\\[","captures":{"0":{"name":"punctuation.definition.binding-pattern.array.ts"}},"comment":"Match array pattern","end":"]","patterns":[{"include":"source.ts#array-binding-element"},{"include":"#javascript-expression"}]},{"begin":"\\s*(:)(?!=)","beginCaptures":{"1":{"name":"keyword.operator.type.annotation.ts"}},"comment":"Match type","end":"(?=[,;\\](]|/>|(?<=[^=>])>|(?<!^|[!~*%&^|?:]|[!~*%&^|?/<>+=-]=|[=>]>|[^.]\\.|[^-]-|[^+]\\+|[a-zA-Z0-9%).<\\]}]\\s/|[^.$\\w]await|[^.$\\w]async|[^.$\\w]class|[^.$\\w]function|[^.$\\w]keyof|[^.$\\w]new|[^.$\\w]readonly|[^.$\\w]infer|[^.$\\w]typeof|[^.$\\w]void)\\s+(?![\\n{+!~*%&^|?:]|[<>/=-]=|[=>]>|\\.[^.]|-[^-]|/[^>]|(?:in|instanceof|satisfies|as|extends)\\s+[^:=/,;>]))","patterns":[{"include":"source.ts#type"},{"include":"#javascript-expression"}]},{"include":"#javascript-expression"}]},{"begin":"\\s*\\|","beginCaptures":{"0":{"name":"punctuation.section.scope.begin.marko"}},"comment":"Parameters for a tag","contentName":"source.ts","end":"\\|","endCaptures":{"0":{"name":"punctuation.section.scope.end.marko"}},"patterns":[{"include":"source.ts#comment"},{"include":"source.ts#string"},{"include":"source.ts#decorator"},{"include":"source.ts#destructuring-parameter"},{"include":"source.ts#parameter-name"},{"begin":"(:)","beginCaptures":{"1":{"name":"keyword.operator.type.annotation.ts"}},"end":"(?=[,|])|(?==[^>])","name":"meta.type.annotation.ts","patterns":[{"include":"source.ts#type"}]},{"include":"source.ts#variable-initializer"},{"match":",","name":"punctuation.separator.parameter.ts"},{"include":"source.ts"}]},{"include":"#html-args-or-method"},{"include":"#attr-value"}]},"tag-html":{"comment":"Matches an HTML tag and its contents","patterns":[{"begin":"\\s*(<)(?=(area|base|br|col|embed|hr|img|input|link|meta|param|source|track|wbr|const|debug|id|let|lifecycle|log|return)\\b)","beginCaptures":{"1":{"name":"punctuation.definition.tag.begin.marko"}},"comment":"HTML void elements","end":"/?>","endCaptures":{"0":{"name":"punctuation.definition.tag.end.marko"}},"patterns":[{"include":"#open-tag-content"}]},{"begin":"\\s*(<)(?=html-comment\\b)","beginCaptures":{"1":{"name":"punctuation.definition.tag.begin.marko"}},"comment":"Marko html-comment tag","end":"/>|(?<=</>|</html-comment>)","endCaptures":{"0":{"name":"punctuation.definition.tag.end.marko"}},"patterns":[{"include":"#open-tag-content"},{"begin":">","beginCaptures":{"0":{"name":"punctuation.definition.tag.end.marko"}},"comment":"Comment tag body content","end":"\\s*(?:</>|</html-comment>)","endCaptures":{"1":{"name":"punctuation.definition.tag.begin.marko"},"2":{"patterns":[{"include":"#tag-name"}]},"3":{"name":"punctuation.definition.tag.end.marko"}},"patterns":[{"include":"#content-embedded-comment"}]}]},{"begin":"\\s*(<)(?=((?:html-)?style)\\b[^\\s]*\\.less\\b)","beginCaptures":{"1":{"name":"punctuation.definition.tag.begin.marko"}},"comment":"HTML style tag with less","end":"/>|(?<=</>|</\\2>)","endCaptures":{"0":{"name":"punctuation.definition.tag.end.marko"}},"patterns":[{"include":"#open-tag-content"},{"begin":">","beginCaptures":{"0":{"name":"punctuation.definition.tag.end.marko"}},"comment":"Style body content","contentName":"source.less","end":"\\s*(</)((?:html-)?style)?(>)","endCaptures":{"1":{"name":"punctuation.definition.tag.begin.marko"},"2":{"patterns":[{"include":"#tag-name"}]},"3":{"name":"punctuation.definition.tag.end.marko"}},"patterns":[{"include":"#content-embedded-style-less"}]}]},{"begin":"\\s*(<)(?=((?:html-)?style)\\b[^\\s]*\\.scss\\b)","beginCaptures":{"1":{"name":"punctuation.definition.tag.begin.marko"}},"comment":"HTML style tag with scss","end":"/>|(?<=</>|</\\2>)","endCaptures":{"0":{"name":"punctuation.definition.tag.end.marko"}},"patterns":[{"include":"#open-tag-content"},{"begin":">","beginCaptures":{"0":{"name":"punctuation.definition.tag.end.marko"}},"comment":"Style body content","contentName":"source.scss","end":"\\s*(</)((?:html-)?style)?(>)","endCaptures":{"1":{"name":"punctuation.definition.tag.begin.marko"},"2":{"patterns":[{"include":"#tag-name"}]},"3":{"name":"punctuation.definition.tag.end.marko"}},"patterns":[{"include":"#content-embedded-style-scss"}]}]},{"begin":"\\s*(<)(?=((?:html-)?style)\\b[^\\s]*\\.[tj]s\\b)","beginCaptures":{"1":{"name":"punctuation.definition.tag.begin.marko"}},"comment":"HTML style tag with js/ts","end":"/>|(?<=</>|</\\2>)","endCaptures":{"0":{"name":"punctuation.definition.tag.end.marko"}},"patterns":[{"include":"#open-tag-content"},{"begin":">","beginCaptures":{"0":{"name":"punctuation.definition.tag.end.marko"}},"comment":"Style body content","contentName":"source.ts","end":"\\s*(</)((?:html-)?style)?(>)","endCaptures":{"1":{"name":"punctuation.definition.tag.begin.marko"},"2":{"patterns":[{"include":"#tag-name"}]},"3":{"name":"punctuation.definition.tag.end.marko"}},"patterns":[{"include":"#content-embedded-script"}]}]},{"begin":"\\s*(<)(?=((?:html-)?style)\\b)","beginCaptures":{"1":{"name":"punctuation.definition.tag.begin.marko"}},"comment":"HTML style tag","end":"/>|(?<=</>|</\\2>)","endCaptures":{"0":{"name":"punctuation.definition.tag.end.marko"}},"patterns":[{"include":"#open-tag-content"},{"begin":">","beginCaptures":{"0":{"name":"punctuation.definition.tag.end.marko"}},"comment":"Style body content","contentName":"source.css","end":"\\s*(</)((?:html-)?style)?(>)","endCaptures":{"1":{"name":"punctuation.definition.tag.begin.marko"},"2":{"patterns":[{"include":"#tag-name"}]},"3":{"name":"punctuation.definition.tag.end.marko"}},"patterns":[{"include":"#content-embedded-style"}]}]},{"begin":"\\s*(<)(?=((?:html-)?script)\\b)","beginCaptures":{"1":{"name":"punctuation.definition.tag.begin.marko"}},"comment":"HTML script tag","end":"/>|(?<=</>|</\\2>)","endCaptures":{"0":{"name":"punctuation.definition.tag.end.marko"}},"patterns":[{"include":"#open-tag-content"},{"begin":">","beginCaptures":{"0":{"name":"punctuation.definition.tag.end.marko"}},"comment":"Script body content","contentName":"source.ts","end":"\\s*(</)((?:html-)?script)?(>)","endCaptures":{"1":{"name":"punctuation.definition.tag.begin.marko"},"2":{"patterns":[{"include":"#tag-name"}]},"3":{"name":"punctuation.definition.tag.end.marko"}},"patterns":[{"include":"#content-embedded-script"}]}]},{"begin":"\\s*(<)(?=[.#$]|([a-zA-Z0-9_$@-]+))","beginCaptures":{"1":{"name":"punctuation.definition.tag.begin.marko"}},"comment":"HTML normal tag","end":"/>|(?<=</>|</\\2>)","endCaptures":{"0":{"name":"punctuation.definition.tag.end.marko"}},"patterns":[{"include":"#open-tag-content"},{"begin":">","beginCaptures":{"0":{"name":"punctuation.definition.tag.end.marko"}},"comment":"Body content","end":"\\s*(</)([a-zA-Z0-9_$:@.#-]+)?(.*?)(>)","endCaptures":{"1":{"name":"punctuation.definition.tag.begin.marko"},"2":{"patterns":[{"include":"#tag-name"},{"include":"#tag-shorthand-class-or-id"}]},"3":{"patterns":[{"include":"#invalid"}]},"4":{"name":"punctuation.definition.tag.end.marko"}},"patterns":[{"include":"#content-html-mode"}]}]}]},"tag-name":{"comment":"Matches the tag name.","patterns":[{"applyEndPatternLast":1,"begin":"\\G(style)\\b(\\.[a-zA-Z0-9$_-]+(?:\\.[a-zA-Z0-9$_-]+)*)|([a-zA-Z0-9_@](?:[a-zA-Z0-9_@-]+|:(?!=))*)","beginCaptures":{"1":{"name":"support.type.builtin.marko"},"2":{"name":"storage.type.marko.css"},"3":{"patterns":[{"match":"(script|style|html-script|html-style|html-comment)(?=\\b)(?![-:@])","name":"support.type.builtin.marko"},{"match":"(for|if|while|else-if|else|try|await|return)(?=\\b)(?![-:@])","name":"keyword.control.flow.marko"},{"match":"(const|context|debug|define|id|let|log|lifecycle)(?=\\b)(?![-:@])","name":"support.function.marko"},{"comment":"Attribute tag.","match":"@.+","name":"entity.other.attribute-name.marko"},{"comment":"Native or userland tag.","match":".+","name":"entity.name.tag.marko"}]}},"end":"(?=.)","patterns":[{"include":"#tag-type-args"}]},{"begin":"(?=[a-zA-Z0-9$_]|-[^-])","end":"(?=[^a-zA-Z0-9$_-]|$)","patterns":[{"include":"#javascript-placeholder"},{"match":"(?:[a-zA-Z0-9_-]+|\\$(?!{))+","name":"entity.name.tag.marko"}]}]},"tag-shorthand-class-or-id":{"begin":"(?=[#.])","comment":"Shorthand class or ID attribute","end":"$|(?=--|[^a-zA-Z0-9_$#.-])","patterns":[{"include":"#javascript-placeholder"},{"match":"(?:[#.a-zA-Z0-9_-]+|\\$(?!{))+","name":"entity.other.attribute-name.marko"}]},"tag-type-args":{"applyEndPatternLast":1,"begin":"(?=<)","comment":"Type args after the tag name","contentName":"source.ts","end":"(?<=>)","name":"meta.embedded.ts","patterns":[{"applyEndPatternLast":1,"begin":"(?<=>)(?=[ \t]*<)","end":"(?=.)","patterns":[{"include":"#tag-type-params"}]},{"include":"source.ts#type-arguments"}]},"tag-type-params":{"applyEndPatternLast":1,"begin":"(?!^)[ \t]*(?=<)","comment":"Type params before tag params or a default shorthand method","contentName":"source.ts","end":"(?<=>)","name":"meta.embedded.ts","patterns":[{"include":"source.ts#type-parameters"}]}},"scopeName":"text.marko","uuid":"46c8c3f8-cabe-466a-a633-5deafdc51253"}
