{"colors":{"activityBar.activeBackground":"#00000000","activityBar.activeBorder":"#00000000","activityBar.activeFocusBorder":"#00000000","activityBar.background":"#232634","activityBar.border":"#00000000","activityBar.dropBorder":"#ca9ee633","activityBar.foreground":"#ca9ee6","activityBar.inactiveForeground":"#737994","activityBarBadge.background":"#ca9ee6","activityBarBadge.foreground":"#232634","activityBarTop.activeBorder":"#00000000","activityBarTop.dropBorder":"#ca9ee633","activityBarTop.foreground":"#ca9ee6","activityBarTop.inactiveForeground":"#737994","badge.background":"#51576d","badge.foreground":"#c6d0f5","banner.background":"#51576d","banner.foreground":"#c6d0f5","banner.iconForeground":"#c6d0f5","breadcrumb.activeSelectionForeground":"#ca9ee6","breadcrumb.background":"#303446","breadcrumb.focusForeground":"#ca9ee6","breadcrumb.foreground":"#c6d0f5cc","breadcrumbPicker.background":"#292c3c","button.background":"#ca9ee6","button.border":"#00000000","button.foreground":"#232634","button.hoverBackground":"#d9baed","button.secondaryBackground":"#626880","button.secondaryBorder":"#ca9ee6","button.secondaryForeground":"#c6d0f5","button.secondaryHoverBackground":"#727993","button.separator":"#00000000","charts.blue":"#8caaee","charts.foreground":"#c6d0f5","charts.green":"#a6d189","charts.lines":"#b5bfe2","charts.orange":"#ef9f76","charts.purple":"#ca9ee6","charts.red":"#e78284","charts.yellow":"#e5c890","checkbox.background":"#51576d","checkbox.border":"#00000000","checkbox.foreground":"#ca9ee6","commandCenter.activeBackground":"#62688033","commandCenter.activeBorder":"#ca9ee6","commandCenter.activeForeground":"#ca9ee6","commandCenter.background":"#292c3c","commandCenter.border":"#00000000","commandCenter.foreground":"#b5bfe2","commandCenter.inactiveBorder":"#00000000","commandCenter.inactiveForeground":"#b5bfe2","debugConsole.errorForeground":"#e78284","debugConsole.infoForeground":"#8caaee","debugConsole.sourceForeground":"#f2d5cf","debugConsole.warningForeground":"#ef9f76","debugConsoleInputIcon.foreground":"#c6d0f5","debugExceptionWidget.background":"#232634","debugExceptionWidget.border":"#ca9ee6","debugIcon.breakpointCurrentStackframeForeground":"#626880","debugIcon.breakpointDisabledForeground":"#e7828499","debugIcon.breakpointForeground":"#e78284","debugIcon.breakpointStackframeForeground":"#626880","debugIcon.breakpointUnverifiedForeground":"#a57582","debugIcon.continueForeground":"#a6d189","debugIcon.disconnectForeground":"#626880","debugIcon.pauseForeground":"#8caaee","debugIcon.restartForeground":"#81c8be","debugIcon.startForeground":"#a6d189","debugIcon.stepBackForeground":"#626880","debugIcon.stepIntoForeground":"#c6d0f5","debugIcon.stepOutForeground":"#c6d0f5","debugIcon.stepOverForeground":"#ca9ee6","debugIcon.stopForeground":"#e78284","debugTokenExpression.boolean":"#ca9ee6","debugTokenExpression.error":"#e78284","debugTokenExpression.number":"#ef9f76","debugTokenExpression.string":"#a6d189","debugToolBar.background":"#232634","debugToolBar.border":"#00000000","descriptionForeground":"#c6d0f5","diffEditor.border":"#626880","diffEditor.diagonalFill":"#62688099","diffEditor.insertedLineBackground":"#a6d18926","diffEditor.insertedTextBackground":"#a6d18933","diffEditor.removedLineBackground":"#e7828426","diffEditor.removedTextBackground":"#e7828433","diffEditorOverview.insertedForeground":"#a6d189cc","diffEditorOverview.removedForeground":"#e78284cc","disabledForeground":"#a5adce","dropdown.background":"#292c3c","dropdown.border":"#ca9ee6","dropdown.foreground":"#c6d0f5","dropdown.listBackground":"#626880","editor.background":"#303446","editor.findMatchBackground":"#674b59","editor.findMatchBorder":"#e7828433","editor.findMatchHighlightBackground":"#506373","editor.findMatchHighlightBorder":"#99d1db33","editor.findRangeHighlightBackground":"#506373","editor.findRangeHighlightBorder":"#99d1db33","editor.focusedStackFrameHighlightBackground":"#a6d18926","editor.foldBackground":"#99d1db40","editor.foreground":"#c6d0f5","editor.hoverHighlightBackground":"#99d1db40","editor.lineHighlightBackground":"#c6d0f512","editor.lineHighlightBorder":"#00000000","editor.rangeHighlightBackground":"#99d1db40","editor.rangeHighlightBorder":"#00000000","editor.selectionBackground":"#949cbb40","editor.selectionHighlightBackground":"#949cbb33","editor.selectionHighlightBorder":"#949cbb33","editor.stackFrameHighlightBackground":"#e5c89026","editor.wordHighlightBackground":"#949cbb33","editor.wordHighlightStrongBackground":"#8caaee33","editorBracketHighlight.foreground1":"#e78284","editorBracketHighlight.foreground2":"#ef9f76","editorBracketHighlight.foreground3":"#e5c890","editorBracketHighlight.foreground4":"#a6d189","editorBracketHighlight.foreground5":"#85c1dc","editorBracketHighlight.foreground6":"#ca9ee6","editorBracketHighlight.unexpectedBracket.foreground":"#ea999c","editorBracketMatch.background":"#949cbb1a","editorBracketMatch.border":"#949cbb","editorCodeLens.foreground":"#838ba7","editorCursor.background":"#303446","editorCursor.foreground":"#f2d5cf","editorError.background":"#00000000","editorError.border":"#00000000","editorError.foreground":"#e78284","editorGroup.border":"#626880","editorGroup.dropBackground":"#ca9ee633","editorGroup.emptyBackground":"#303446","editorGroupHeader.tabsBackground":"#232634","editorGutter.addedBackground":"#a6d189","editorGutter.background":"#303446","editorGutter.commentGlyphForeground":"#ca9ee6","editorGutter.commentRangeForeground":"#414559","editorGutter.deletedBackground":"#e78284","editorGutter.foldingControlForeground":"#949cbb","editorGutter.modifiedBackground":"#e5c890","editorHoverWidget.background":"#292c3c","editorHoverWidget.border":"#626880","editorHoverWidget.foreground":"#c6d0f5","editorIndentGuide.activeBackground":"#626880","editorIndentGuide.background":"#51576d","editorInfo.background":"#00000000","editorInfo.border":"#00000000","editorInfo.foreground":"#8caaee","editorInlayHint.background":"#292c3cbf","editorInlayHint.foreground":"#626880","editorInlayHint.parameterBackground":"#292c3cbf","editorInlayHint.parameterForeground":"#a5adce","editorInlayHint.typeBackground":"#292c3cbf","editorInlayHint.typeForeground":"#b5bfe2","editorLightBulb.foreground":"#e5c890","editorLineNumber.activeForeground":"#ca9ee6","editorLineNumber.foreground":"#838ba7","editorLink.activeForeground":"#ca9ee6","editorMarkerNavigation.background":"#292c3c","editorMarkerNavigationError.background":"#e78284","editorMarkerNavigationInfo.background":"#8caaee","editorMarkerNavigationWarning.background":"#ef9f76","editorOverviewRuler.background":"#292c3c","editorOverviewRuler.border":"#c6d0f512","editorOverviewRuler.modifiedForeground":"#e5c890","editorRuler.foreground":"#626880","editorStickyScrollHover.background":"#414559","editorSuggestWidget.background":"#292c3c","editorSuggestWidget.border":"#626880","editorSuggestWidget.foreground":"#c6d0f5","editorSuggestWidget.highlightForeground":"#ca9ee6","editorSuggestWidget.selectedBackground":"#414559","editorWarning.background":"#00000000","editorWarning.border":"#00000000","editorWarning.foreground":"#ef9f76","editorWhitespace.foreground":"#949cbb66","editorWidget.background":"#292c3c","editorWidget.foreground":"#c6d0f5","editorWidget.resizeBorder":"#626880","errorForeground":"#e78284","errorLens.errorBackground":"#e7828426","errorLens.errorBackgroundLight":"#e7828426","errorLens.errorForeground":"#e78284","errorLens.errorForegroundLight":"#e78284","errorLens.errorMessageBackground":"#e7828426","errorLens.hintBackground":"#a6d18926","errorLens.hintBackgroundLight":"#a6d18926","errorLens.hintForeground":"#a6d189","errorLens.hintForegroundLight":"#a6d189","errorLens.hintMessageBackground":"#a6d18926","errorLens.infoBackground":"#8caaee26","errorLens.infoBackgroundLight":"#8caaee26","errorLens.infoForeground":"#8caaee","errorLens.infoForegroundLight":"#8caaee","errorLens.infoMessageBackground":"#8caaee26","errorLens.statusBarErrorForeground":"#e78284","errorLens.statusBarHintForeground":"#a6d189","errorLens.statusBarIconErrorForeground":"#e78284","errorLens.statusBarIconWarningForeground":"#ef9f76","errorLens.statusBarInfoForeground":"#8caaee","errorLens.statusBarWarningForeground":"#ef9f76","errorLens.warningBackground":"#ef9f7626","errorLens.warningBackgroundLight":"#ef9f7626","errorLens.warningForeground":"#ef9f76","errorLens.warningForegroundLight":"#ef9f76","errorLens.warningMessageBackground":"#ef9f7626","extensionBadge.remoteBackground":"#8caaee","extensionBadge.remoteForeground":"#232634","extensionButton.prominentBackground":"#ca9ee6","extensionButton.prominentForeground":"#232634","extensionButton.prominentHoverBackground":"#d9baed","extensionButton.separator":"#303446","extensionIcon.preReleaseForeground":"#626880","extensionIcon.sponsorForeground":"#f4b8e4","extensionIcon.starForeground":"#e5c890","extensionIcon.verifiedForeground":"#a6d189","focusBorder":"#ca9ee6","foreground":"#c6d0f5","gitDecoration.addedResourceForeground":"#a6d189","gitDecoration.conflictingResourceForeground":"#ca9ee6","gitDecoration.deletedResourceForeground":"#e78284","gitDecoration.ignoredResourceForeground":"#737994","gitDecoration.modifiedResourceForeground":"#e5c890","gitDecoration.stageDeletedResourceForeground":"#e78284","gitDecoration.stageModifiedResourceForeground":"#e5c890","gitDecoration.submoduleResourceForeground":"#8caaee","gitDecoration.untrackedResourceForeground":"#a6d189","gitlens.closedAutolinkedIssueIconColor":"#ca9ee6","gitlens.closedPullRequestIconColor":"#e78284","gitlens.decorations.branchAheadForegroundColor":"#a6d189","gitlens.decorations.branchBehindForegroundColor":"#ef9f76","gitlens.decorations.branchDivergedForegroundColor":"#e5c890","gitlens.decorations.branchMissingUpstreamForegroundColor":"#ef9f76","gitlens.decorations.branchUnpublishedForegroundColor":"#a6d189","gitlens.decorations.statusMergingOrRebasingConflictForegroundColor":"#ea999c","gitlens.decorations.statusMergingOrRebasingForegroundColor":"#e5c890","gitlens.decorations.workspaceCurrentForegroundColor":"#ca9ee6","gitlens.decorations.workspaceRepoMissingForegroundColor":"#a5adce","gitlens.decorations.workspaceRepoOpenForegroundColor":"#ca9ee6","gitlens.decorations.worktreeHasUncommittedChangesForegroundColor":"#ef9f76","gitlens.decorations.worktreeMissingForegroundColor":"#ea999c","gitlens.graphChangesColumnAddedColor":"#a6d189","gitlens.graphChangesColumnDeletedColor":"#e78284","gitlens.graphLane10Color":"#f4b8e4","gitlens.graphLane1Color":"#ca9ee6","gitlens.graphLane2Color":"#e5c890","gitlens.graphLane3Color":"#8caaee","gitlens.graphLane4Color":"#eebebe","gitlens.graphLane5Color":"#a6d189","gitlens.graphLane6Color":"#babbf1","gitlens.graphLane7Color":"#f2d5cf","gitlens.graphLane8Color":"#e78284","gitlens.graphLane9Color":"#81c8be","gitlens.graphMinimapMarkerHeadColor":"#a6d189","gitlens.graphMinimapMarkerHighlightsColor":"#e5c890","gitlens.graphMinimapMarkerLocalBranchesColor":"#8caaee","gitlens.graphMinimapMarkerRemoteBranchesColor":"#769aeb","gitlens.graphMinimapMarkerStashesColor":"#ca9ee6","gitlens.graphMinimapMarkerTagsColor":"#eebebe","gitlens.graphMinimapMarkerUpstreamColor":"#98ca77","gitlens.graphScrollMarkerHeadColor":"#a6d189","gitlens.graphScrollMarkerHighlightsColor":"#e5c890","gitlens.graphScrollMarkerLocalBranchesColor":"#8caaee","gitlens.graphScrollMarkerRemoteBranchesColor":"#769aeb","gitlens.graphScrollMarkerStashesColor":"#ca9ee6","gitlens.graphScrollMarkerTagsColor":"#eebebe","gitlens.graphScrollMarkerUpstreamColor":"#98ca77","gitlens.gutterBackgroundColor":"#4145594d","gitlens.gutterForegroundColor":"#c6d0f5","gitlens.gutterUncommittedForegroundColor":"#ca9ee6","gitlens.lineHighlightBackgroundColor":"#ca9ee626","gitlens.lineHighlightOverviewRulerColor":"#ca9ee6cc","gitlens.mergedPullRequestIconColor":"#ca9ee6","gitlens.openAutolinkedIssueIconColor":"#a6d189","gitlens.openPullRequestIconColor":"#a6d189","gitlens.trailingLineBackgroundColor":"#00000000","gitlens.trailingLineForegroundColor":"#c6d0f54d","gitlens.unpublishedChangesIconColor":"#a6d189","gitlens.unpublishedCommitIconColor":"#a6d189","gitlens.unpulledChangesIconColor":"#ef9f76","icon.foreground":"#ca9ee6","input.background":"#414559","input.border":"#00000000","input.foreground":"#c6d0f5","input.placeholderForeground":"#c6d0f573","inputOption.activeBackground":"#626880","inputOption.activeBorder":"#ca9ee6","inputOption.activeForeground":"#c6d0f5","inputValidation.errorBackground":"#e78284","inputValidation.errorBorder":"#23263433","inputValidation.errorForeground":"#232634","inputValidation.infoBackground":"#8caaee","inputValidation.infoBorder":"#23263433","inputValidation.infoForeground":"#232634","inputValidation.warningBackground":"#ef9f76","inputValidation.warningBorder":"#23263433","inputValidation.warningForeground":"#232634","issues.closed":"#ca9ee6","issues.newIssueDecoration":"#f2d5cf","issues.open":"#a6d189","list.activeSelectionBackground":"#414559","list.activeSelectionForeground":"#c6d0f5","list.dropBackground":"#ca9ee633","list.focusAndSelectionBackground":"#51576d","list.focusBackground":"#414559","list.focusForeground":"#c6d0f5","list.focusOutline":"#00000000","list.highlightForeground":"#ca9ee6","list.hoverBackground":"#41455980","list.hoverForeground":"#c6d0f5","list.inactiveSelectionBackground":"#414559","list.inactiveSelectionForeground":"#c6d0f5","list.warningForeground":"#ef9f76","listFilterWidget.background":"#51576d","listFilterWidget.noMatchesOutline":"#e78284","listFilterWidget.outline":"#00000000","menu.background":"#303446","menu.border":"#30344680","menu.foreground":"#c6d0f5","menu.selectionBackground":"#626880","menu.selectionBorder":"#00000000","menu.selectionForeground":"#c6d0f5","menu.separatorBackground":"#626880","menubar.selectionBackground":"#51576d","menubar.selectionForeground":"#c6d0f5","merge.commonContentBackground":"#51576d","merge.commonHeaderBackground":"#626880","merge.currentContentBackground":"#a6d18933","merge.currentHeaderBackground":"#a6d18966","merge.incomingContentBackground":"#8caaee33","merge.incomingHeaderBackground":"#8caaee66","minimap.background":"#292c3c80","minimap.errorHighlight":"#e78284bf","minimap.findMatchHighlight":"#99d1db4d","minimap.selectionHighlight":"#626880bf","minimap.selectionOccurrenceHighlight":"#626880bf","minimap.warningHighlight":"#ef9f76bf","minimapGutter.addedBackground":"#a6d189bf","minimapGutter.deletedBackground":"#e78284bf","minimapGutter.modifiedBackground":"#e5c890bf","minimapSlider.activeBackground":"#ca9ee699","minimapSlider.background":"#ca9ee633","minimapSlider.hoverBackground":"#ca9ee666","notificationCenter.border":"#ca9ee6","notificationCenterHeader.background":"#292c3c","notificationCenterHeader.foreground":"#c6d0f5","notificationLink.foreground":"#8caaee","notificationToast.border":"#ca9ee6","notifications.background":"#292c3c","notifications.border":"#ca9ee6","notifications.foreground":"#c6d0f5","notificationsErrorIcon.foreground":"#e78284","notificationsInfoIcon.foreground":"#8caaee","notificationsWarningIcon.foreground":"#ef9f76","panel.background":"#303446","panel.border":"#626880","panelSection.border":"#626880","panelSection.dropBackground":"#ca9ee633","panelTitle.activeBorder":"#ca9ee6","panelTitle.activeForeground":"#c6d0f5","panelTitle.inactiveForeground":"#a5adce","peekView.border":"#ca9ee6","peekViewEditor.background":"#292c3c","peekViewEditor.matchHighlightBackground":"#99d1db4d","peekViewEditor.matchHighlightBorder":"#00000000","peekViewEditorGutter.background":"#292c3c","peekViewResult.background":"#292c3c","peekViewResult.fileForeground":"#c6d0f5","peekViewResult.lineForeground":"#c6d0f5","peekViewResult.matchHighlightBackground":"#99d1db4d","peekViewResult.selectionBackground":"#414559","peekViewResult.selectionForeground":"#c6d0f5","peekViewTitle.background":"#303446","peekViewTitleDescription.foreground":"#b5bfe2b3","peekViewTitleLabel.foreground":"#c6d0f5","pickerGroup.border":"#ca9ee6","pickerGroup.foreground":"#ca9ee6","problemsErrorIcon.foreground":"#e78284","problemsInfoIcon.foreground":"#8caaee","problemsWarningIcon.foreground":"#ef9f76","progressBar.background":"#ca9ee6","pullRequests.closed":"#e78284","pullRequests.draft":"#949cbb","pullRequests.merged":"#ca9ee6","pullRequests.notification":"#c6d0f5","pullRequests.open":"#a6d189","sash.hoverBorder":"#ca9ee6","scrollbar.shadow":"#232634","scrollbarSlider.activeBackground":"#41455966","scrollbarSlider.background":"#62688080","scrollbarSlider.hoverBackground":"#737994","selection.background":"#ca9ee666","settings.dropdownBackground":"#51576d","settings.dropdownListBorder":"#00000000","settings.focusedRowBackground":"#62688033","settings.headerForeground":"#c6d0f5","settings.modifiedItemIndicator":"#ca9ee6","settings.numberInputBackground":"#51576d","settings.numberInputBorder":"#00000000","settings.textInputBackground":"#51576d","settings.textInputBorder":"#00000000","sideBar.background":"#292c3c","sideBar.border":"#00000000","sideBar.dropBackground":"#ca9ee633","sideBar.foreground":"#c6d0f5","sideBarSectionHeader.background":"#292c3c","sideBarSectionHeader.foreground":"#c6d0f5","sideBarTitle.foreground":"#ca9ee6","statusBar.background":"#232634","statusBar.border":"#00000000","statusBar.debuggingBackground":"#ef9f76","statusBar.debuggingBorder":"#00000000","statusBar.debuggingForeground":"#232634","statusBar.foreground":"#c6d0f5","statusBar.noFolderBackground":"#232634","statusBar.noFolderBorder":"#00000000","statusBar.noFolderForeground":"#c6d0f5","statusBarItem.activeBackground":"#62688066","statusBarItem.errorBackground":"#00000000","statusBarItem.errorForeground":"#e78284","statusBarItem.hoverBackground":"#62688033","statusBarItem.prominentBackground":"#00000000","statusBarItem.prominentForeground":"#ca9ee6","statusBarItem.prominentHoverBackground":"#62688033","statusBarItem.remoteBackground":"#8caaee","statusBarItem.remoteForeground":"#232634","statusBarItem.warningBackground":"#00000000","statusBarItem.warningForeground":"#ef9f76","symbolIcon.arrayForeground":"#ef9f76","symbolIcon.booleanForeground":"#ca9ee6","symbolIcon.classForeground":"#e5c890","symbolIcon.colorForeground":"#f4b8e4","symbolIcon.constantForeground":"#ef9f76","symbolIcon.constructorForeground":"#babbf1","symbolIcon.enumeratorForeground":"#e5c890","symbolIcon.enumeratorMemberForeground":"#e5c890","symbolIcon.eventForeground":"#f4b8e4","symbolIcon.fieldForeground":"#c6d0f5","symbolIcon.fileForeground":"#ca9ee6","symbolIcon.folderForeground":"#ca9ee6","symbolIcon.functionForeground":"#8caaee","symbolIcon.interfaceForeground":"#e5c890","symbolIcon.keyForeground":"#81c8be","symbolIcon.keywordForeground":"#ca9ee6","symbolIcon.methodForeground":"#8caaee","symbolIcon.moduleForeground":"#c6d0f5","symbolIcon.namespaceForeground":"#e5c890","symbolIcon.nullForeground":"#ea999c","symbolIcon.numberForeground":"#ef9f76","symbolIcon.objectForeground":"#e5c890","symbolIcon.operatorForeground":"#81c8be","symbolIcon.packageForeground":"#eebebe","symbolIcon.propertyForeground":"#ea999c","symbolIcon.referenceForeground":"#e5c890","symbolIcon.snippetForeground":"#eebebe","symbolIcon.stringForeground":"#a6d189","symbolIcon.structForeground":"#81c8be","symbolIcon.textForeground":"#c6d0f5","symbolIcon.typeParameterForeground":"#ea999c","symbolIcon.unitForeground":"#c6d0f5","symbolIcon.variableForeground":"#c6d0f5","tab.activeBackground":"#303446","tab.activeBorder":"#00000000","tab.activeBorderTop":"#ca9ee6","tab.activeForeground":"#ca9ee6","tab.activeModifiedBorder":"#e5c890","tab.border":"#292c3c","tab.hoverBackground":"#3a3f55","tab.hoverBorder":"#00000000","tab.hoverForeground":"#ca9ee6","tab.inactiveBackground":"#292c3c","tab.inactiveForeground":"#737994","tab.inactiveModifiedBorder":"#e5c8904d","tab.lastPinnedBorder":"#ca9ee6","tab.unfocusedActiveBackground":"#292c3c","tab.unfocusedActiveBorder":"#00000000","tab.unfocusedActiveBorderTop":"#ca9ee64d","tab.unfocusedInactiveBackground":"#1f212d","table.headerBackground":"#414559","table.headerForeground":"#c6d0f5","terminal.ansiBlack":"#51576d","terminal.ansiBlue":"#8caaee","terminal.ansiBrightBlack":"#626880","terminal.ansiBrightBlue":"#7b9ef0","terminal.ansiBrightCyan":"#5abfb5","terminal.ansiBrightGreen":"#8ec772","terminal.ansiBrightMagenta":"#f2a4db","terminal.ansiBrightRed":"#e67172","terminal.ansiBrightWhite":"#b5bfe2","terminal.ansiBrightYellow":"#d9ba73","terminal.ansiCyan":"#81c8be","terminal.ansiGreen":"#a6d189","terminal.ansiMagenta":"#f4b8e4","terminal.ansiRed":"#e78284","terminal.ansiWhite":"#a5adce","terminal.ansiYellow":"#e5c890","terminal.border":"#626880","terminal.dropBackground":"#ca9ee633","terminal.foreground":"#c6d0f5","terminal.inactiveSelectionBackground":"#62688080","terminal.selectionBackground":"#626880","terminal.tab.activeBorder":"#ca9ee6","terminalCommandDecoration.defaultBackground":"#626880","terminalCommandDecoration.errorBackground":"#e78284","terminalCommandDecoration.successBackground":"#a6d189","terminalCursor.background":"#303446","terminalCursor.foreground":"#f2d5cf","testing.coverCountBadgeBackground":"#00000000","testing.coverCountBadgeForeground":"#ca9ee6","testing.coveredBackground":"#a6d1894d","testing.coveredBorder":"#00000000","testing.coveredGutterBackground":"#a6d1894d","testing.iconErrored":"#e78284","testing.iconErrored.retired":"#e78284","testing.iconFailed":"#e78284","testing.iconFailed.retired":"#e78284","testing.iconPassed":"#a6d189","testing.iconPassed.retired":"#a6d189","testing.iconQueued":"#8caaee","testing.iconQueued.retired":"#8caaee","testing.iconSkipped":"#a5adce","testing.iconSkipped.retired":"#a5adce","testing.iconUnset":"#c6d0f5","testing.iconUnset.retired":"#c6d0f5","testing.message.error.lineBackground":"#e7828426","testing.message.info.decorationForeground":"#a6d189cc","testing.message.info.lineBackground":"#a6d18926","testing.messagePeekBorder":"#ca9ee6","testing.messagePeekHeaderBackground":"#626880","testing.peekBorder":"#ca9ee6","testing.peekHeaderBackground":"#626880","testing.runAction":"#ca9ee6","testing.uncoveredBackground":"#e7828433","testing.uncoveredBorder":"#00000000","testing.uncoveredBranchBackground":"#e7828433","testing.uncoveredGutterBackground":"#e7828440","textBlockQuote.background":"#292c3c","textBlockQuote.border":"#232634","textCodeBlock.background":"#292c3c","textLink.activeForeground":"#99d1db","textLink.foreground":"#8caaee","textPreformat.foreground":"#c6d0f5","textSeparator.foreground":"#ca9ee6","titleBar.activeBackground":"#232634","titleBar.activeForeground":"#c6d0f5","titleBar.border":"#00000000","titleBar.inactiveBackground":"#232634","titleBar.inactiveForeground":"#c6d0f580","tree.inactiveIndentGuidesStroke":"#51576d","tree.indentGuidesStroke":"#949cbb","walkThrough.embeddedEditorBackground":"#3034464d","welcomePage.progress.background":"#232634","welcomePage.progress.foreground":"#ca9ee6","welcomePage.tileBackground":"#292c3c","widget.shadow":"#292c3c80","window.activeBorder":"#00000000","window.inactiveBorder":"#00000000"},"displayName":"Catppuccin Frappé","name":"catppuccin-frappe","semanticHighlighting":true,"semanticTokenColors":{"boolean":{"foreground":"#ef9f76"},"builtinAttribute.attribute.library:rust":{"foreground":"#8caaee"},"class.builtin:python":{"foreground":"#ca9ee6"},"class:python":{"foreground":"#e5c890"},"constant.builtin.readonly:nix":{"foreground":"#ca9ee6"},"enumMember":{"foreground":"#81c8be"},"function.decorator:python":{"foreground":"#ef9f76"},"generic.attribute:rust":{"foreground":"#c6d0f5"},"heading":{"foreground":"#e78284"},"number":{"foreground":"#ef9f76"},"pol":{"foreground":"#eebebe"},"property.readonly:javascript":{"foreground":"#c6d0f5"},"property.readonly:javascriptreact":{"foreground":"#c6d0f5"},"property.readonly:typescript":{"foreground":"#c6d0f5"},"property.readonly:typescriptreact":{"foreground":"#c6d0f5"},"selfKeyword":{"foreground":"#e78284"},"text.emph":{"fontStyle":"italic","foreground":"#e78284"},"text.math":{"foreground":"#eebebe"},"text.strong":{"fontStyle":"bold","foreground":"#e78284"},"tomlArrayKey":{"fontStyle":"","foreground":"#8caaee"},"tomlTableKey":{"fontStyle":"","foreground":"#8caaee"},"type.defaultLibrary:go":{"foreground":"#ca9ee6"},"variable.defaultLibrary":{"foreground":"#ea999c"},"variable.readonly.defaultLibrary:go":{"foreground":"#ca9ee6"},"variable.readonly:javascript":{"foreground":"#c6d0f5"},"variable.readonly:javascriptreact":{"foreground":"#c6d0f5"},"variable.readonly:scala":{"foreground":"#c6d0f5"},"variable.readonly:typescript":{"foreground":"#c6d0f5"},"variable.readonly:typescriptreact":{"foreground":"#c6d0f5"},"variable.typeHint:python":{"foreground":"#e5c890"}},"tokenColors":[{"scope":["text","source","variable.other.readwrite","punctuation.definition.variable"],"settings":{"foreground":"#c6d0f5"}},{"scope":"punctuation","settings":{"fontStyle":"","foreground":"#949cbb"}},{"scope":["comment","punctuation.definition.comment"],"settings":{"fontStyle":"italic","foreground":"#949cbb"}},{"scope":["string","punctuation.definition.string"],"settings":{"foreground":"#a6d189"}},{"scope":"constant.character.escape","settings":{"foreground":"#f4b8e4"}},{"scope":["constant.numeric","variable.other.constant","entity.name.constant","constant.language.boolean","constant.language.false","constant.language.true","keyword.other.unit.user-defined","keyword.other.unit.suffix.floating-point"],"settings":{"foreground":"#ef9f76"}},{"scope":["keyword","keyword.operator.word","keyword.operator.new","variable.language.super","support.type.primitive","storage.type","storage.modifier","punctuation.definition.keyword"],"settings":{"fontStyle":"","foreground":"#ca9ee6"}},{"scope":"entity.name.tag.documentation","settings":{"foreground":"#ca9ee6"}},{"scope":["keyword.operator","punctuation.accessor","punctuation.definition.generic","meta.function.closure punctuation.section.parameters","punctuation.definition.tag","punctuation.separator.key-value"],"settings":{"foreground":"#81c8be"}},{"scope":["entity.name.function","meta.function-call.method","support.function","support.function.misc","variable.function"],"settings":{"fontStyle":"italic","foreground":"#8caaee"}},{"scope":["entity.name.class","entity.other.inherited-class","support.class","meta.function-call.constructor","entity.name.struct"],"settings":{"fontStyle":"italic","foreground":"#e5c890"}},{"scope":"entity.name.enum","settings":{"fontStyle":"italic","foreground":"#e5c890"}},{"scope":["meta.enum variable.other.readwrite","variable.other.enummember"],"settings":{"foreground":"#81c8be"}},{"scope":"meta.property.object","settings":{"foreground":"#81c8be"}},{"scope":["meta.type","meta.type-alias","support.type","entity.name.type"],"settings":{"fontStyle":"italic","foreground":"#e5c890"}},{"scope":["meta.annotation variable.function","meta.annotation variable.annotation.function","meta.annotation punctuation.definition.annotation","meta.decorator","punctuation.decorator"],"settings":{"foreground":"#ef9f76"}},{"scope":["variable.parameter","meta.function.parameters"],"settings":{"fontStyle":"italic","foreground":"#ea999c"}},{"scope":["constant.language","support.function.builtin"],"settings":{"foreground":"#e78284"}},{"scope":"entity.other.attribute-name.documentation","settings":{"foreground":"#e78284"}},{"scope":["keyword.control.directive","punctuation.definition.directive"],"settings":{"foreground":"#e5c890"}},{"scope":"punctuation.definition.typeparameters","settings":{"foreground":"#99d1db"}},{"scope":"entity.name.namespace","settings":{"foreground":"#e5c890"}},{"scope":"support.type.property-name.css","settings":{"fontStyle":"","foreground":"#8caaee"}},{"scope":["variable.language.this","variable.language.this punctuation.definition.variable"],"settings":{"foreground":"#e78284"}},{"scope":"variable.object.property","settings":{"foreground":"#c6d0f5"}},{"scope":["string.template variable","string variable"],"settings":{"foreground":"#c6d0f5"}},{"scope":"keyword.operator.new","settings":{"fontStyle":"bold"}},{"scope":"storage.modifier.specifier.extern.cpp","settings":{"foreground":"#ca9ee6"}},{"scope":["entity.name.scope-resolution.template.call.cpp","entity.name.scope-resolution.parameter.cpp","entity.name.scope-resolution.cpp","entity.name.scope-resolution.function.definition.cpp"],"settings":{"foreground":"#e5c890"}},{"scope":"storage.type.class.doxygen","settings":{"fontStyle":""}},{"scope":["storage.modifier.reference.cpp"],"settings":{"foreground":"#81c8be"}},{"scope":"meta.interpolation.cs","settings":{"foreground":"#c6d0f5"}},{"scope":"comment.block.documentation.cs","settings":{"foreground":"#c6d0f5"}},{"scope":["source.css entity.other.attribute-name.class.css","entity.other.attribute-name.parent-selector.css punctuation.definition.entity.css"],"settings":{"foreground":"#e5c890"}},{"scope":"punctuation.separator.operator.css","settings":{"foreground":"#81c8be"}},{"scope":"source.css entity.other.attribute-name.pseudo-class","settings":{"foreground":"#81c8be"}},{"scope":"source.css constant.other.unicode-range","settings":{"foreground":"#ef9f76"}},{"scope":"source.css variable.parameter.url","settings":{"fontStyle":"","foreground":"#a6d189"}},{"scope":["support.type.vendored.property-name"],"settings":{"foreground":"#99d1db"}},{"scope":["source.css meta.property-value variable","source.css meta.property-value variable.other.less","source.css meta.property-value variable.other.less punctuation.definition.variable.less","meta.definition.variable.scss"],"settings":{"foreground":"#ea999c"}},{"scope":["source.css meta.property-list variable","meta.property-list variable.other.less","meta.property-list variable.other.less punctuation.definition.variable.less"],"settings":{"foreground":"#8caaee"}},{"scope":"keyword.other.unit.percentage.css","settings":{"foreground":"#ef9f76"}},{"scope":"source.css meta.attribute-selector","settings":{"foreground":"#a6d189"}},{"scope":["keyword.other.definition.ini","punctuation.support.type.property-name.json","support.type.property-name.json","punctuation.support.type.property-name.toml","support.type.property-name.toml","entity.name.tag.yaml","punctuation.support.type.property-name.yaml","support.type.property-name.yaml"],"settings":{"fontStyle":"","foreground":"#8caaee"}},{"scope":["constant.language.json","constant.language.yaml"],"settings":{"foreground":"#ef9f76"}},{"scope":["entity.name.type.anchor.yaml","variable.other.alias.yaml"],"settings":{"fontStyle":"","foreground":"#e5c890"}},{"scope":["support.type.property-name.table","entity.name.section.group-title.ini"],"settings":{"foreground":"#e5c890"}},{"scope":"constant.other.time.datetime.offset.toml","settings":{"foreground":"#f4b8e4"}},{"scope":["punctuation.definition.anchor.yaml","punctuation.definition.alias.yaml"],"settings":{"foreground":"#f4b8e4"}},{"scope":"entity.other.document.begin.yaml","settings":{"foreground":"#f4b8e4"}},{"scope":"markup.changed.diff","settings":{"foreground":"#ef9f76"}},{"scope":["meta.diff.header.from-file","meta.diff.header.to-file","punctuation.definition.from-file.diff","punctuation.definition.to-file.diff"],"settings":{"foreground":"#8caaee"}},{"scope":"markup.inserted.diff","settings":{"foreground":"#a6d189"}},{"scope":"markup.deleted.diff","settings":{"foreground":"#e78284"}},{"scope":["variable.other.env"],"settings":{"foreground":"#8caaee"}},{"scope":["string.quoted variable.other.env"],"settings":{"foreground":"#c6d0f5"}},{"scope":"support.function.builtin.gdscript","settings":{"foreground":"#8caaee"}},{"scope":"constant.language.gdscript","settings":{"foreground":"#ef9f76"}},{"scope":"comment meta.annotation.go","settings":{"foreground":"#ea999c"}},{"scope":"comment meta.annotation.parameters.go","settings":{"foreground":"#ef9f76"}},{"scope":"constant.language.go","settings":{"foreground":"#ef9f76"}},{"scope":"variable.graphql","settings":{"foreground":"#c6d0f5"}},{"scope":"string.unquoted.alias.graphql","settings":{"foreground":"#eebebe"}},{"scope":"constant.character.enum.graphql","settings":{"foreground":"#81c8be"}},{"scope":"meta.objectvalues.graphql constant.object.key.graphql string.unquoted.graphql","settings":{"foreground":"#eebebe"}},{"scope":["keyword.other.doctype","meta.tag.sgml.doctype punctuation.definition.tag","meta.tag.metadata.doctype entity.name.tag","meta.tag.metadata.doctype punctuation.definition.tag"],"settings":{"foreground":"#ca9ee6"}},{"scope":["entity.name.tag"],"settings":{"fontStyle":"","foreground":"#8caaee"}},{"scope":["text.html constant.character.entity","text.html constant.character.entity punctuation","constant.character.entity.xml","constant.character.entity.xml punctuation","constant.character.entity.js.jsx","constant.charactger.entity.js.jsx punctuation","constant.character.entity.tsx","constant.character.entity.tsx punctuation"],"settings":{"foreground":"#e78284"}},{"scope":["entity.other.attribute-name"],"settings":{"foreground":"#e5c890"}},{"scope":["support.class.component","support.class.component.jsx","support.class.component.tsx","support.class.component.vue"],"settings":{"fontStyle":"","foreground":"#f4b8e4"}},{"scope":["punctuation.definition.annotation","storage.type.annotation"],"settings":{"foreground":"#ef9f76"}},{"scope":"constant.other.enum.java","settings":{"foreground":"#81c8be"}},{"scope":"storage.modifier.import.java","settings":{"foreground":"#c6d0f5"}},{"scope":"comment.block.javadoc.java keyword.other.documentation.javadoc.java","settings":{"fontStyle":""}},{"scope":"meta.export variable.other.readwrite.js","settings":{"foreground":"#ea999c"}},{"scope":["variable.other.constant.js","variable.other.constant.ts","variable.other.property.js","variable.other.property.ts"],"settings":{"foreground":"#c6d0f5"}},{"scope":["variable.other.jsdoc","comment.block.documentation variable.other"],"settings":{"fontStyle":"","foreground":"#ea999c"}},{"scope":"storage.type.class.jsdoc","settings":{"fontStyle":""}},{"scope":"support.type.object.console.js","settings":{"foreground":"#c6d0f5"}},{"scope":["support.constant.node","support.type.object.module.js"],"settings":{"foreground":"#ca9ee6"}},{"scope":"storage.modifier.implements","settings":{"foreground":"#ca9ee6"}},{"scope":["constant.language.null.js","constant.language.null.ts","constant.language.undefined.js","constant.language.undefined.ts","support.type.builtin.ts"],"settings":{"foreground":"#ca9ee6"}},{"scope":"variable.parameter.generic","settings":{"foreground":"#e5c890"}},{"scope":["keyword.declaration.function.arrow.js","storage.type.function.arrow.ts"],"settings":{"foreground":"#81c8be"}},{"scope":"punctuation.decorator.ts","settings":{"fontStyle":"italic","foreground":"#8caaee"}},{"scope":["keyword.operator.expression.in.js","keyword.operator.expression.in.ts","keyword.operator.expression.infer.ts","keyword.operator.expression.instanceof.js","keyword.operator.expression.instanceof.ts","keyword.operator.expression.is","keyword.operator.expression.keyof.ts","keyword.operator.expression.of.js","keyword.operator.expression.of.ts","keyword.operator.expression.typeof.ts"],"settings":{"foreground":"#ca9ee6"}},{"scope":"support.function.macro.julia","settings":{"fontStyle":"italic","foreground":"#81c8be"}},{"scope":"constant.language.julia","settings":{"foreground":"#ef9f76"}},{"scope":"constant.other.symbol.julia","settings":{"foreground":"#ea999c"}},{"scope":"text.tex keyword.control.preamble","settings":{"foreground":"#81c8be"}},{"scope":"text.tex support.function.be","settings":{"foreground":"#99d1db"}},{"scope":"constant.other.general.math.tex","settings":{"foreground":"#eebebe"}},{"scope":"variable.language.liquid","settings":{"foreground":"#f4b8e4"}},{"scope":"comment.line.double-dash.documentation.lua storage.type.annotation.lua","settings":{"fontStyle":"","foreground":"#ca9ee6"}},{"scope":["comment.line.double-dash.documentation.lua entity.name.variable.lua","comment.line.double-dash.documentation.lua variable.lua"],"settings":{"foreground":"#c6d0f5"}},{"scope":["heading.1.markdown punctuation.definition.heading.markdown","heading.1.markdown","heading.1.quarto punctuation.definition.heading.quarto","heading.1.quarto","markup.heading.atx.1.mdx","markup.heading.atx.1.mdx punctuation.definition.heading.mdx","markup.heading.setext.1.markdown","markup.heading.heading-0.asciidoc"],"settings":{"foreground":"#e78284"}},{"scope":["heading.2.markdown punctuation.definition.heading.markdown","heading.2.markdown","heading.2.quarto punctuation.definition.heading.quarto","heading.2.quarto","markup.heading.atx.2.mdx","markup.heading.atx.2.mdx punctuation.definition.heading.mdx","markup.heading.setext.2.markdown","markup.heading.heading-1.asciidoc"],"settings":{"foreground":"#ef9f76"}},{"scope":["heading.3.markdown punctuation.definition.heading.markdown","heading.3.markdown","heading.3.quarto punctuation.definition.heading.quarto","heading.3.quarto","markup.heading.atx.3.mdx","markup.heading.atx.3.mdx punctuation.definition.heading.mdx","markup.heading.heading-2.asciidoc"],"settings":{"foreground":"#e5c890"}},{"scope":["heading.4.markdown punctuation.definition.heading.markdown","heading.4.markdown","heading.4.quarto punctuation.definition.heading.quarto","heading.4.quarto","markup.heading.atx.4.mdx","markup.heading.atx.4.mdx punctuation.definition.heading.mdx","markup.heading.heading-3.asciidoc"],"settings":{"foreground":"#a6d189"}},{"scope":["heading.5.markdown punctuation.definition.heading.markdown","heading.5.markdown","heading.5.quarto punctuation.definition.heading.quarto","heading.5.quarto","markup.heading.atx.5.mdx","markup.heading.atx.5.mdx punctuation.definition.heading.mdx","markup.heading.heading-4.asciidoc"],"settings":{"foreground":"#85c1dc"}},{"scope":["heading.6.markdown punctuation.definition.heading.markdown","heading.6.markdown","heading.6.quarto punctuation.definition.heading.quarto","heading.6.quarto","markup.heading.atx.6.mdx","markup.heading.atx.6.mdx punctuation.definition.heading.mdx","markup.heading.heading-5.asciidoc"],"settings":{"foreground":"#babbf1"}},{"scope":"markup.bold","settings":{"fontStyle":"bold","foreground":"#e78284"}},{"scope":"markup.italic","settings":{"fontStyle":"italic","foreground":"#e78284"}},{"scope":"markup.strikethrough","settings":{"fontStyle":"strikethrough","foreground":"#a5adce"}},{"scope":["punctuation.definition.link","markup.underline.link"],"settings":{"foreground":"#8caaee"}},{"scope":["text.html.markdown punctuation.definition.link.title","text.html.quarto punctuation.definition.link.title","string.other.link.title.markdown","string.other.link.title.quarto","markup.link","punctuation.definition.constant.markdown","punctuation.definition.constant.quarto","constant.other.reference.link.markdown","constant.other.reference.link.quarto","markup.substitution.attribute-reference"],"settings":{"foreground":"#babbf1"}},{"scope":["punctuation.definition.raw.markdown","punctuation.definition.raw.quarto","markup.inline.raw.string.markdown","markup.inline.raw.string.quarto","markup.raw.block.markdown","markup.raw.block.quarto"],"settings":{"foreground":"#a6d189"}},{"scope":"fenced_code.block.language","settings":{"foreground":"#99d1db"}},{"scope":["markup.fenced_code.block punctuation.definition","markup.raw support.asciidoc"],"settings":{"foreground":"#949cbb"}},{"scope":["markup.quote","punctuation.definition.quote.begin"],"settings":{"foreground":"#f4b8e4"}},{"scope":"meta.separator.markdown","settings":{"foreground":"#81c8be"}},{"scope":["punctuation.definition.list.begin.markdown","punctuation.definition.list.begin.quarto","markup.list.bullet"],"settings":{"foreground":"#81c8be"}},{"scope":"markup.heading.quarto","settings":{"fontStyle":"bold"}},{"scope":["entity.other.attribute-name.multipart.nix","entity.other.attribute-name.single.nix"],"settings":{"foreground":"#8caaee"}},{"scope":"variable.parameter.name.nix","settings":{"fontStyle":"","foreground":"#c6d0f5"}},{"scope":"meta.embedded variable.parameter.name.nix","settings":{"fontStyle":"","foreground":"#babbf1"}},{"scope":"string.unquoted.path.nix","settings":{"fontStyle":"","foreground":"#f4b8e4"}},{"scope":["support.attribute.builtin","meta.attribute.php"],"settings":{"foreground":"#e5c890"}},{"scope":"meta.function.parameters.php punctuation.definition.variable.php","settings":{"foreground":"#ea999c"}},{"scope":"constant.language.php","settings":{"foreground":"#ca9ee6"}},{"scope":"text.html.php support.function","settings":{"foreground":"#99d1db"}},{"scope":"keyword.other.phpdoc.php","settings":{"fontStyle":""}},{"scope":["support.variable.magic.python","meta.function-call.arguments.python"],"settings":{"foreground":"#c6d0f5"}},{"scope":["support.function.magic.python"],"settings":{"fontStyle":"italic","foreground":"#99d1db"}},{"scope":["variable.parameter.function.language.special.self.python","variable.language.special.self.python"],"settings":{"fontStyle":"italic","foreground":"#e78284"}},{"scope":["keyword.control.flow.python","keyword.operator.logical.python"],"settings":{"foreground":"#ca9ee6"}},{"scope":"storage.type.function.python","settings":{"foreground":"#ca9ee6"}},{"scope":["support.token.decorator.python","meta.function.decorator.identifier.python"],"settings":{"foreground":"#99d1db"}},{"scope":["meta.function-call.python"],"settings":{"foreground":"#8caaee"}},{"scope":["entity.name.function.decorator.python","punctuation.definition.decorator.python"],"settings":{"fontStyle":"italic","foreground":"#ef9f76"}},{"scope":"constant.character.format.placeholder.other.python","settings":{"foreground":"#f4b8e4"}},{"scope":["support.type.exception.python","support.function.builtin.python"],"settings":{"foreground":"#ef9f76"}},{"scope":["support.type.python"],"settings":{"foreground":"#ca9ee6"}},{"scope":"constant.language.python","settings":{"foreground":"#ef9f76"}},{"scope":["meta.indexed-name.python","meta.item-access.python"],"settings":{"fontStyle":"italic","foreground":"#ea999c"}},{"scope":"storage.type.string.python","settings":{"fontStyle":"italic","foreground":"#a6d189"}},{"scope":"meta.function.parameters.python","settings":{"fontStyle":""}},{"scope":["string.regexp punctuation.definition.string.begin","string.regexp punctuation.definition.string.end"],"settings":{"foreground":"#f4b8e4"}},{"scope":"keyword.control.anchor.regexp","settings":{"foreground":"#ca9ee6"}},{"scope":"string.regexp.ts","settings":{"foreground":"#c6d0f5"}},{"scope":["punctuation.definition.group.regexp","keyword.other.back-reference.regexp"],"settings":{"foreground":"#a6d189"}},{"scope":"punctuation.definition.character-class.regexp","settings":{"foreground":"#e5c890"}},{"scope":"constant.other.character-class.regexp","settings":{"foreground":"#f4b8e4"}},{"scope":"constant.other.character-class.range.regexp","settings":{"foreground":"#f2d5cf"}},{"scope":"keyword.operator.quantifier.regexp","settings":{"foreground":"#81c8be"}},{"scope":"constant.character.numeric.regexp","settings":{"foreground":"#ef9f76"}},{"scope":["punctuation.definition.group.no-capture.regexp","meta.assertion.look-ahead.regexp","meta.assertion.negative-look-ahead.regexp"],"settings":{"foreground":"#8caaee"}},{"scope":["meta.annotation.rust","meta.annotation.rust punctuation","meta.attribute.rust","punctuation.definition.attribute.rust"],"settings":{"fontStyle":"italic","foreground":"#e5c890"}},{"scope":["meta.attribute.rust string.quoted.double.rust","meta.attribute.rust string.quoted.single.char.rust"],"settings":{"fontStyle":""}},{"scope":["entity.name.function.macro.rules.rust","storage.type.module.rust","storage.modifier.rust","storage.type.struct.rust","storage.type.enum.rust","storage.type.trait.rust","storage.type.union.rust","storage.type.impl.rust","storage.type.rust","storage.type.function.rust","storage.type.type.rust"],"settings":{"fontStyle":"","foreground":"#ca9ee6"}},{"scope":"entity.name.type.numeric.rust","settings":{"fontStyle":"","foreground":"#ca9ee6"}},{"scope":"meta.generic.rust","settings":{"foreground":"#ef9f76"}},{"scope":"entity.name.impl.rust","settings":{"fontStyle":"italic","foreground":"#e5c890"}},{"scope":"entity.name.module.rust","settings":{"foreground":"#ef9f76"}},{"scope":"entity.name.trait.rust","settings":{"fontStyle":"italic","foreground":"#e5c890"}},{"scope":"storage.type.source.rust","settings":{"foreground":"#e5c890"}},{"scope":"entity.name.union.rust","settings":{"foreground":"#e5c890"}},{"scope":"meta.enum.rust storage.type.source.rust","settings":{"foreground":"#81c8be"}},{"scope":["support.macro.rust","meta.macro.rust support.function.rust","entity.name.function.macro.rust"],"settings":{"fontStyle":"italic","foreground":"#8caaee"}},{"scope":["storage.modifier.lifetime.rust","entity.name.type.lifetime"],"settings":{"fontStyle":"italic","foreground":"#8caaee"}},{"scope":"string.quoted.double.rust constant.other.placeholder.rust","settings":{"foreground":"#f4b8e4"}},{"scope":"meta.function.return-type.rust meta.generic.rust storage.type.rust","settings":{"foreground":"#c6d0f5"}},{"scope":"meta.function.call.rust","settings":{"foreground":"#8caaee"}},{"scope":"punctuation.brackets.angle.rust","settings":{"foreground":"#99d1db"}},{"scope":"constant.other.caps.rust","settings":{"foreground":"#ef9f76"}},{"scope":["meta.function.definition.rust variable.other.rust"],"settings":{"foreground":"#ea999c"}},{"scope":"meta.function.call.rust variable.other.rust","settings":{"foreground":"#c6d0f5"}},{"scope":"variable.language.self.rust","settings":{"foreground":"#e78284"}},{"scope":["variable.other.metavariable.name.rust","meta.macro.metavariable.rust keyword.operator.macro.dollar.rust"],"settings":{"foreground":"#f4b8e4"}},{"scope":["comment.line.shebang","comment.line.shebang punctuation.definition.comment","comment.line.shebang","punctuation.definition.comment.shebang.shell","meta.shebang.shell"],"settings":{"fontStyle":"italic","foreground":"#f4b8e4"}},{"scope":"comment.line.shebang constant.language","settings":{"fontStyle":"italic","foreground":"#81c8be"}},{"scope":["meta.function-call.arguments.shell punctuation.definition.variable.shell","meta.function-call.arguments.shell punctuation.section.interpolation","meta.function-call.arguments.shell punctuation.definition.variable.shell","meta.function-call.arguments.shell punctuation.section.interpolation"],"settings":{"foreground":"#e78284"}},{"scope":"meta.string meta.interpolation.parameter.shell variable.other.readwrite","settings":{"fontStyle":"italic","foreground":"#ef9f76"}},{"scope":["source.shell punctuation.section.interpolation","punctuation.definition.evaluation.backticks.shell"],"settings":{"foreground":"#81c8be"}},{"scope":"entity.name.tag.heredoc.shell","settings":{"foreground":"#ca9ee6"}},{"scope":"string.quoted.double.shell variable.other.normal.shell","settings":{"foreground":"#c6d0f5"}},{"scope":["markup.heading.typst"],"settings":{"foreground":"#e78284"}}],"type":"dark"}
