{"colors":{"activityBar.background":"#32302f","activityBar.border":"#3c3836","activityBar.foreground":"#ebdbb2","activityBarBadge.background":"#458588","activityBarBadge.foreground":"#ebdbb2","activityBarTop.background":"#32302f","activityBarTop.foreground":"#ebdbb2","badge.background":"#b16286","badge.foreground":"#ebdbb2","button.background":"#45858880","button.foreground":"#ebdbb2","button.hoverBackground":"#45858860","debugToolBar.background":"#32302f","diffEditor.insertedTextBackground":"#b8bb2630","diffEditor.removedTextBackground":"#fb493430","dropdown.background":"#32302f","dropdown.border":"#3c3836","dropdown.foreground":"#ebdbb2","editor.background":"#32302f","editor.findMatchBackground":"#83a59870","editor.findMatchHighlightBackground":"#fe801930","editor.findRangeHighlightBackground":"#83a59870","editor.foreground":"#ebdbb2","editor.hoverHighlightBackground":"#689d6a50","editor.lineHighlightBackground":"#3c383660","editor.lineHighlightBorder":"#0000","editor.selectionBackground":"#689d6a40","editor.selectionHighlightBackground":"#fabd2f40","editorBracketHighlight.foreground1":"#b16286","editorBracketHighlight.foreground2":"#458588","editorBracketHighlight.foreground3":"#689d6a","editorBracketHighlight.foreground4":"#98971a","editorBracketHighlight.foreground5":"#d79921","editorBracketHighlight.foreground6":"#d65d0e","editorBracketHighlight.unexpectedBracket.foreground":"#cc241d","editorBracketMatch.background":"#92837480","editorBracketMatch.border":"#0000","editorCodeLens.foreground":"#a8998490","editorCursor.foreground":"#ebdbb2","editorError.foreground":"#cc241d","editorGhostText.background":"#665c5460","editorGroup.border":"#3c3836","editorGroup.dropBackground":"#3c383660","editorGroupHeader.noTabsBackground":"#32302f","editorGroupHeader.tabsBackground":"#32302f","editorGroupHeader.tabsBorder":"#3c3836","editorGutter.addedBackground":"#b8bb26","editorGutter.background":"#0000","editorGutter.deletedBackground":"#fb4934","editorGutter.modifiedBackground":"#83a598","editorHoverWidget.background":"#32302f","editorHoverWidget.border":"#3c3836","editorIndentGuide.activeBackground":"#665c54","editorInfo.foreground":"#458588","editorLineNumber.foreground":"#665c54","editorLink.activeForeground":"#ebdbb2","editorOverviewRuler.addedForeground":"#83a598","editorOverviewRuler.border":"#0000","editorOverviewRuler.commonContentForeground":"#928374","editorOverviewRuler.currentContentForeground":"#458588","editorOverviewRuler.deletedForeground":"#83a598","editorOverviewRuler.errorForeground":"#fb4934","editorOverviewRuler.findMatchForeground":"#bdae93","editorOverviewRuler.incomingContentForeground":"#689d6a","editorOverviewRuler.infoForeground":"#d3869b","editorOverviewRuler.modifiedForeground":"#83a598","editorOverviewRuler.rangeHighlightForeground":"#bdae93","editorOverviewRuler.selectionHighlightForeground":"#665c54","editorOverviewRuler.warningForeground":"#d79921","editorOverviewRuler.wordHighlightForeground":"#665c54","editorOverviewRuler.wordHighlightStrongForeground":"#665c54","editorRuler.foreground":"#a8998440","editorStickyScroll.shadow":"#50494599","editorStickyScrollHover.background":"#3c383660","editorSuggestWidget.background":"#32302f","editorSuggestWidget.border":"#3c3836","editorSuggestWidget.foreground":"#ebdbb2","editorSuggestWidget.highlightForeground":"#689d6a","editorSuggestWidget.selectedBackground":"#3c383660","editorWarning.foreground":"#d79921","editorWhitespace.foreground":"#a8998420","editorWidget.background":"#32302f","editorWidget.border":"#3c3836","errorForeground":"#fb4934","extensionButton.prominentBackground":"#b8bb2680","extensionButton.prominentHoverBackground":"#b8bb2630","focusBorder":"#3c3836","foreground":"#ebdbb2","gitDecoration.addedResourceForeground":"#ebdbb2","gitDecoration.conflictingResourceForeground":"#b16286","gitDecoration.deletedResourceForeground":"#cc241d","gitDecoration.ignoredResourceForeground":"#7c6f64","gitDecoration.modifiedResourceForeground":"#d79921","gitDecoration.untrackedResourceForeground":"#98971a","gitlens.closedAutolinkedIssueIconColor":"#b16286","gitlens.closedPullRequestIconColor":"#cc241d","gitlens.decorations.branchAheadForegroundColor":"#98971a","gitlens.decorations.branchBehindForegroundColor":"#d65d0e","gitlens.decorations.branchDivergedForegroundColor":"#d79921","gitlens.decorations.branchMissingUpstreamForegroundColor":"#cc241d","gitlens.decorations.statusMergingOrRebasingConflictForegroundColor":"#cc241d","gitlens.decorations.statusMergingOrRebasingForegroundColor":"#d79921","gitlens.decorations.workspaceCurrentForegroundColor":"#98971a","gitlens.decorations.workspaceRepoMissingForegroundColor":"#7c6f64","gitlens.decorations.workspaceRepoOpenForegroundColor":"#98971a","gitlens.decorations.worktreeHasUncommittedChangesForegroundColor":"#928374","gitlens.decorations.worktreeMissingForegroundColor":"#cc241d","gitlens.graphChangesColumnAddedColor":"#98971a","gitlens.graphChangesColumnDeletedColor":"#cc241d","gitlens.graphLane10Color":"#98971a","gitlens.graphLane1Color":"#83a598","gitlens.graphLane2Color":"#458588","gitlens.graphLane3Color":"#d3869b","gitlens.graphLane4Color":"#b16286","gitlens.graphLane5Color":"#8ec07c","gitlens.graphLane6Color":"#689d6a","gitlens.graphLane7Color":"#fabd2f","gitlens.graphLane8Color":"#d79921","gitlens.graphLane9Color":"#b8bb26","gitlens.graphMinimapMarkerHeadColor":"#98971a","gitlens.graphMinimapMarkerHighlightsColor":"#b8bb26","gitlens.graphMinimapMarkerLocalBranchesColor":"#83a598","gitlens.graphMinimapMarkerPullRequestsColor":"#fe8019","gitlens.graphMinimapMarkerRemoteBranchesColor":"#458588","gitlens.graphMinimapMarkerStashesColor":"#b16286","gitlens.graphMinimapMarkerTagsColor":"#7c6f64","gitlens.graphMinimapMarkerUpstreamColor":"#689d6a","gitlens.graphScrollMarkerHeadColor":"#b8bb26","gitlens.graphScrollMarkerHighlightsColor":"#d79921","gitlens.graphScrollMarkerLocalBranchesColor":"#83a598","gitlens.graphScrollMarkerPullRequestsColor":"#fe8019","gitlens.graphScrollMarkerRemoteBranchesColor":"#458588","gitlens.graphScrollMarkerStashesColor":"#b16286","gitlens.graphScrollMarkerTagsColor":"#7c6f64","gitlens.graphScrollMarkerUpstreamColor":"#8ec07c","gitlens.gutterBackgroundColor":"#3c3836","gitlens.gutterForegroundColor":"#ebdbb2","gitlens.gutterUncommittedForegroundColor":"#458588","gitlens.launchpadIndicatorAttentionColor":"#fabd2f","gitlens.launchpadIndicatorAttentionHoverColor":"#d79921","gitlens.launchpadIndicatorBlockedColor":"#fb4934","gitlens.launchpadIndicatorBlockedHoverColor":"#cc241d","gitlens.launchpadIndicatorMergeableColor":"#b8bb26","gitlens.launchpadIndicatorMergeableHoverColor":"#98971a","gitlens.lineHighlightBackgroundColor":"#3c3836","gitlens.lineHighlightOverviewRulerColor":"#458588","gitlens.mergedPullRequestIconColor":"#b16286","gitlens.openAutolinkedIssueIconColor":"#98971a","gitlens.openPullRequestIconColor":"#98971a","gitlens.trailingLineBackgroundColor":"#32302fa0","gitlens.trailingLineForegroundColor":"#928374a0","gitlens.unpublishedChangesIconColor":"#98971a","gitlens.unpublishedCommitIconColor":"#98971a","gitlens.unpulledChangesIconColor":"#fe8019","icon.foreground":"#ebdbb2","input.background":"#32302f","input.border":"#3c3836","input.foreground":"#ebdbb2","input.placeholderForeground":"#ebdbb260","inputOption.activeBorder":"#ebdbb260","inputValidation.errorBackground":"#cc241d","inputValidation.errorBorder":"#fb4934","inputValidation.infoBackground":"#45858880","inputValidation.infoBorder":"#83a598","inputValidation.warningBackground":"#d79921","inputValidation.warningBorder":"#fabd2f","list.activeSelectionBackground":"#3c383680","list.activeSelectionForeground":"#8ec07c","list.dropBackground":"#3c3836","list.focusBackground":"#3c3836","list.focusForeground":"#ebdbb2","list.highlightForeground":"#689d6a","list.hoverBackground":"#3c383680","list.hoverForeground":"#d5c4a1","list.inactiveSelectionBackground":"#3c383680","list.inactiveSelectionForeground":"#689d6a","menu.border":"#3c3836","menu.separatorBackground":"#3c3836","merge.border":"#0000","merge.currentContentBackground":"#45858820","merge.currentHeaderBackground":"#45858840","merge.incomingContentBackground":"#689d6a20","merge.incomingHeaderBackground":"#689d6a40","notebook.cellBorderColor":"#504945","notebook.cellEditorBackground":"#3c3836","notebook.focusedCellBorder":"#a89984","notebook.focusedEditorBorder":"#504945","panel.border":"#3c3836","panelTitle.activeForeground":"#ebdbb2","peekView.border":"#3c3836","peekViewEditor.background":"#3c383670","peekViewEditor.matchHighlightBackground":"#504945","peekViewEditorGutter.background":"#3c383670","peekViewResult.background":"#3c383670","peekViewResult.fileForeground":"#ebdbb2","peekViewResult.lineForeground":"#ebdbb2","peekViewResult.matchHighlightBackground":"#504945","peekViewResult.selectionBackground":"#45858820","peekViewResult.selectionForeground":"#ebdbb2","peekViewTitle.background":"#3c383670","peekViewTitleDescription.foreground":"#bdae93","peekViewTitleLabel.foreground":"#ebdbb2","progressBar.background":"#689d6a","scmGraph.historyItemHoverDefaultLabelForeground":"#ebdbb2","scmGraph.historyItemHoverLabelForeground":"#ebdbb2","scrollbar.shadow":"#32302f","scrollbarSlider.activeBackground":"#689d6a","scrollbarSlider.background":"#50494599","scrollbarSlider.hoverBackground":"#665c54","selection.background":"#689d6a80","sideBar.background":"#32302f","sideBar.border":"#3c3836","sideBar.foreground":"#d5c4a1","sideBarSectionHeader.background":"#0000","sideBarSectionHeader.foreground":"#ebdbb2","sideBarTitle.foreground":"#ebdbb2","statusBar.background":"#32302f","statusBar.border":"#3c3836","statusBar.debuggingBackground":"#fe8019","statusBar.debuggingBorder":"#0000","statusBar.debuggingForeground":"#32302f","statusBar.foreground":"#ebdbb2","statusBar.noFolderBackground":"#32302f","statusBar.noFolderBorder":"#0000","tab.activeBackground":"#3c3836","tab.activeBorder":"#689d6a","tab.activeForeground":"#ebdbb2","tab.border":"#0000","tab.inactiveBackground":"#32302f","tab.inactiveForeground":"#a89984","tab.unfocusedActiveBorder":"#0000","tab.unfocusedActiveForeground":"#a89984","tab.unfocusedInactiveForeground":"#928374","terminal.ansiBlack":"#3c3836","terminal.ansiBlue":"#458588","terminal.ansiBrightBlack":"#928374","terminal.ansiBrightBlue":"#83a598","terminal.ansiBrightCyan":"#8ec07c","terminal.ansiBrightGreen":"#b8bb26","terminal.ansiBrightMagenta":"#d3869b","terminal.ansiBrightRed":"#fb4934","terminal.ansiBrightWhite":"#ebdbb2","terminal.ansiBrightYellow":"#fabd2f","terminal.ansiCyan":"#689d6a","terminal.ansiGreen":"#98971a","terminal.ansiMagenta":"#b16286","terminal.ansiRed":"#cc241d","terminal.ansiWhite":"#a89984","terminal.ansiYellow":"#d79921","terminal.background":"#32302f","terminal.foreground":"#ebdbb2","textLink.activeForeground":"#458588","textLink.foreground":"#83a598","titleBar.activeBackground":"#32302f","titleBar.activeForeground":"#ebdbb2","titleBar.inactiveBackground":"#32302f","widget.border":"#3c3836","widget.shadow":"#32302f30"},"displayName":"Gruvbox Dark Soft","name":"gruvbox-dark-soft","semanticHighlighting":true,"semanticTokenColors":{"component":"#fe8019","constant.builtin":"#d3869b","function":"#8ec07c","function.builtin":"#fe8019","method":"#8ec07c","parameter":"#83a598","property":"#83a598","property:python":"#ebdbb2","variable":"#ebdbb2"},"tokenColors":[{"settings":{"foreground":"#ebdbb2"}},{"scope":"emphasis","settings":{"fontStyle":"italic"}},{"scope":"strong","settings":{"fontStyle":"bold"}},{"scope":"header","settings":{"foreground":"#458588"}},{"scope":["comment","punctuation.definition.comment"],"settings":{"fontStyle":"italic","foreground":"#928374"}},{"scope":["constant","support.constant","variable.arguments"],"settings":{"foreground":"#d3869b"}},{"scope":"constant.rgb-value","settings":{"foreground":"#ebdbb2"}},{"scope":"entity.name.selector","settings":{"foreground":"#8ec07c"}},{"scope":"entity.other.attribute-name","settings":{"foreground":"#fabd2f"}},{"scope":["entity.name.tag","punctuation.tag"],"settings":{"foreground":"#8ec07c"}},{"scope":["invalid","invalid.illegal"],"settings":{"foreground":"#cc241d"}},{"scope":"invalid.deprecated","settings":{"foreground":"#b16286"}},{"scope":"meta.selector","settings":{"foreground":"#8ec07c"}},{"scope":"meta.preprocessor","settings":{"foreground":"#fe8019"}},{"scope":"meta.preprocessor.string","settings":{"foreground":"#b8bb26"}},{"scope":"meta.preprocessor.numeric","settings":{"foreground":"#b8bb26"}},{"scope":"meta.header.diff","settings":{"foreground":"#fe8019"}},{"scope":"storage","settings":{"foreground":"#fb4934"}},{"scope":["storage.type","storage.modifier"],"settings":{"foreground":"#fe8019"}},{"scope":"string","settings":{"foreground":"#b8bb26"}},{"scope":"string.tag","settings":{"foreground":"#b8bb26"}},{"scope":"string.value","settings":{"foreground":"#b8bb26"}},{"scope":"string.regexp","settings":{"foreground":"#fe8019"}},{"scope":"string.escape","settings":{"foreground":"#fb4934"}},{"scope":"string.quasi","settings":{"foreground":"#8ec07c"}},{"scope":"string.entity","settings":{"foreground":"#b8bb26"}},{"scope":"object","settings":{"foreground":"#ebdbb2"}},{"scope":"module.node","settings":{"foreground":"#83a598"}},{"scope":"support.type.property-name","settings":{"foreground":"#689d6a"}},{"scope":"keyword","settings":{"foreground":"#fb4934"}},{"scope":"keyword.control","settings":{"foreground":"#fb4934"}},{"scope":"keyword.control.module","settings":{"foreground":"#8ec07c"}},{"scope":"keyword.control.less","settings":{"foreground":"#d79921"}},{"scope":"keyword.operator","settings":{"foreground":"#8ec07c"}},{"scope":"keyword.operator.new","settings":{"foreground":"#fe8019"}},{"scope":"keyword.other.unit","settings":{"foreground":"#b8bb26"}},{"scope":"metatag.php","settings":{"foreground":"#fe8019"}},{"scope":"support.function.git-rebase","settings":{"foreground":"#689d6a"}},{"scope":"constant.sha.git-rebase","settings":{"foreground":"#b8bb26"}},{"scope":["meta.type.name","meta.return.type","meta.return-type","meta.cast","meta.type.annotation","support.type","storage.type.cs","variable.class"],"settings":{"foreground":"#fabd2f"}},{"scope":["variable.this","support.variable"],"settings":{"foreground":"#d3869b"}},{"scope":["entity.name","entity.static","entity.name.class.static.function","entity.name.function","entity.name.class","entity.name.type"],"settings":{"foreground":"#fabd2f"}},{"scope":["entity.function","entity.name.function.static"],"settings":{"foreground":"#8ec07c"}},{"scope":"entity.name.function.function-call","settings":{"foreground":"#8ec07c"}},{"scope":"support.function.builtin","settings":{"foreground":"#fe8019"}},{"scope":["entity.name.method","entity.name.method.function-call","entity.name.static.function-call"],"settings":{"foreground":"#689d6a"}},{"scope":"brace","settings":{"foreground":"#d5c4a1"}},{"scope":["meta.parameter.type.variable","variable.parameter","variable.name","variable.other","variable","string.constant.other.placeholder"],"settings":{"foreground":"#83a598"}},{"scope":"prototype","settings":{"foreground":"#d3869b"}},{"scope":["punctuation"],"settings":{"foreground":"#a89984"}},{"scope":"punctuation.quoted","settings":{"foreground":"#ebdbb2"}},{"scope":"punctuation.quasi","settings":{"foreground":"#fb4934"}},{"scope":["*url*","*link*","*uri*"],"settings":{"fontStyle":"underline"}},{"scope":["meta.function.python","entity.name.function.python"],"settings":{"foreground":"#8ec07c"}},{"scope":["storage.type.function.python","storage.modifier.declaration","storage.type.class.python","storage.type.string.python"],"settings":{"foreground":"#fb4934"}},{"scope":["storage.type.function.async.python"],"settings":{"foreground":"#fb4934"}},{"scope":"meta.function-call.generic","settings":{"foreground":"#83a598"}},{"scope":"meta.function-call.arguments","settings":{"foreground":"#d5c4a1"}},{"scope":"entity.name.function.decorator","settings":{"fontStyle":"bold","foreground":"#fabd2f"}},{"scope":"constant.other.caps","settings":{"fontStyle":"bold"}},{"scope":"keyword.operator.logical","settings":{"foreground":"#fb4934"}},{"scope":"punctuation.definition.logical-expression","settings":{"foreground":"#fe8019"}},{"scope":["string.interpolated.dollar.shell","string.interpolated.backtick.shell"],"settings":{"foreground":"#8ec07c"}},{"scope":"keyword.control.directive","settings":{"foreground":"#8ec07c"}},{"scope":"support.function.C99","settings":{"foreground":"#fabd2f"}},{"scope":["meta.function.cs","entity.name.function.cs","entity.name.type.namespace.cs"],"settings":{"foreground":"#b8bb26"}},{"scope":["keyword.other.using.cs","entity.name.variable.field.cs","entity.name.variable.local.cs","variable.other.readwrite.cs"],"settings":{"foreground":"#8ec07c"}},{"scope":["keyword.other.this.cs","keyword.other.base.cs"],"settings":{"foreground":"#d3869b"}},{"scope":"meta.scope.prerequisites","settings":{"foreground":"#fabd2f"}},{"scope":"entity.name.function.target","settings":{"fontStyle":"bold","foreground":"#b8bb26"}},{"scope":["storage.modifier.import.java","storage.modifier.package.java"],"settings":{"foreground":"#bdae93"}},{"scope":["keyword.other.import.java","keyword.other.package.java"],"settings":{"foreground":"#8ec07c"}},{"scope":"storage.type.java","settings":{"foreground":"#fabd2f"}},{"scope":"storage.type.annotation","settings":{"fontStyle":"bold","foreground":"#83a598"}},{"scope":"keyword.other.documentation.javadoc","settings":{"foreground":"#8ec07c"}},{"scope":"comment.block.javadoc variable.parameter.java","settings":{"fontStyle":"bold","foreground":"#b8bb26"}},{"scope":["source.java variable.other.object","source.java variable.other.definition.java"],"settings":{"foreground":"#ebdbb2"}},{"scope":"meta.function-parameters.lisp","settings":{"foreground":"#fabd2f"}},{"scope":"markup.underline","settings":{"fontStyle":"underline"}},{"scope":"string.other.link.title.markdown","settings":{"fontStyle":"underline","foreground":"#928374"}},{"scope":"markup.underline.link","settings":{"foreground":"#d3869b"}},{"scope":"markup.bold","settings":{"fontStyle":"bold","foreground":"#fe8019"}},{"scope":"markup.heading","settings":{"fontStyle":"bold","foreground":"#fe8019"}},{"scope":"markup.italic","settings":{"fontStyle":"italic"}},{"scope":"markup.inserted","settings":{"foreground":"#b8bb26"}},{"scope":"markup.deleted","settings":{"foreground":"#d65d0e"}},{"scope":"markup.changed","settings":{"foreground":"#fe8019"}},{"scope":"markup.punctuation.quote.beginning","settings":{"foreground":"#98971a"}},{"scope":"markup.punctuation.list.beginning","settings":{"foreground":"#83a598"}},{"scope":["markup.inline.raw","markup.fenced_code.block"],"settings":{"foreground":"#8ec07c"}},{"scope":"string.quoted.double.json","settings":{"foreground":"#83a598"}},{"scope":"entity.other.attribute-name.css","settings":{"foreground":"#fe8019"}},{"scope":"source.css meta.selector","settings":{"foreground":"#ebdbb2"}},{"scope":"support.type.property-name.css","settings":{"foreground":"#fe8019"}},{"scope":"entity.other.attribute-name.class","settings":{"foreground":"#b8bb26"}},{"scope":["source.css support.function.transform","source.css support.function.timing-function","source.css support.function.misc"],"settings":{"foreground":"#fb4934"}},{"scope":["support.property-value","constant.rgb-value","support.property-value.scss","constant.rgb-value.scss"],"settings":{"foreground":"#d65d0e"}},{"scope":["entity.name.tag.css"],"settings":{"fontStyle":""}},{"scope":["punctuation.definition.tag"],"settings":{"foreground":"#83a598"}},{"scope":["text.html entity.name.tag","text.html punctuation.tag"],"settings":{"fontStyle":"bold","foreground":"#8ec07c"}},{"scope":["source.js variable.language"],"settings":{"foreground":"#fe8019"}},{"scope":["source.ts variable.language"],"settings":{"foreground":"#fe8019"}},{"scope":["source.go storage.type"],"settings":{"foreground":"#fabd2f"}},{"scope":["source.go entity.name.import"],"settings":{"foreground":"#b8bb26"}},{"scope":["source.go keyword.package","source.go keyword.import"],"settings":{"foreground":"#8ec07c"}},{"scope":["source.go keyword.interface","source.go keyword.struct"],"settings":{"foreground":"#83a598"}},{"scope":["source.go entity.name.type"],"settings":{"foreground":"#ebdbb2"}},{"scope":["source.go entity.name.function"],"settings":{"foreground":"#d3869b"}},{"scope":["keyword.control.cucumber.table"],"settings":{"foreground":"#83a598"}},{"scope":["source.reason string.double","source.reason string.regexp"],"settings":{"foreground":"#b8bb26"}},{"scope":["source.reason keyword.control.less"],"settings":{"foreground":"#8ec07c"}},{"scope":["source.reason entity.name.function"],"settings":{"foreground":"#83a598"}},{"scope":["source.reason support.property-value","source.reason entity.name.filename"],"settings":{"foreground":"#fe8019"}},{"scope":["source.powershell variable.other.member.powershell"],"settings":{"foreground":"#fe8019"}},{"scope":["source.powershell support.function.powershell"],"settings":{"foreground":"#fabd2f"}},{"scope":["source.powershell support.function.attribute.powershell"],"settings":{"foreground":"#bdae93"}},{"scope":["source.powershell meta.hashtable.assignment.powershell variable.other.readwrite.powershell"],"settings":{"foreground":"#fe8019"}},{"scope":["support.function.be.latex","support.function.general.tex","support.function.section.latex","support.function.textbf.latex","support.function.textit.latex","support.function.texttt.latex","support.function.emph.latex","support.function.url.latex"],"settings":{"foreground":"#fb4934"}},{"scope":["support.class.math.block.tex","support.class.math.block.environment.latex"],"settings":{"foreground":"#fe8019"}},{"scope":["keyword.control.preamble.latex","keyword.control.include.latex"],"settings":{"foreground":"#d3869b"}},{"scope":["support.class.latex"],"settings":{"foreground":"#8ec07c"}}],"type":"dark"}
