{"colors":{"activityBar.background":"#fbf1c7","activityBar.border":"#ebdbb2","activityBar.foreground":"#3c3836","activityBarBadge.background":"#458588","activityBarBadge.foreground":"#ebdbb2","activityBarTop.background":"#fbf1c7","activityBarTop.foreground":"#3c3836","badge.background":"#b16286","badge.foreground":"#ebdbb2","button.background":"#45858880","button.foreground":"#3c3836","button.hoverBackground":"#45858860","debugToolBar.background":"#fbf1c7","diffEditor.insertedTextBackground":"#79740e30","diffEditor.removedTextBackground":"#9d000630","dropdown.background":"#fbf1c7","dropdown.border":"#ebdbb2","dropdown.foreground":"#3c3836","editor.background":"#fbf1c7","editor.findMatchBackground":"#07667870","editor.findMatchHighlightBackground":"#af3a0330","editor.findRangeHighlightBackground":"#07667870","editor.foreground":"#3c3836","editor.hoverHighlightBackground":"#689d6a50","editor.lineHighlightBackground":"#ebdbb260","editor.lineHighlightBorder":"#0000","editor.selectionBackground":"#689d6a40","editor.selectionHighlightBackground":"#b5761440","editorBracketHighlight.foreground1":"#b16286","editorBracketHighlight.foreground2":"#458588","editorBracketHighlight.foreground3":"#689d6a","editorBracketHighlight.foreground4":"#98971a","editorBracketHighlight.foreground5":"#d79921","editorBracketHighlight.foreground6":"#d65d0e","editorBracketHighlight.unexpectedBracket.foreground":"#cc241d","editorBracketMatch.background":"#92837480","editorBracketMatch.border":"#0000","editorCodeLens.foreground":"#7c6f6490","editorCursor.foreground":"#3c3836","editorError.foreground":"#cc241d","editorGhostText.background":"#bdae9360","editorGroup.border":"#ebdbb2","editorGroup.dropBackground":"#ebdbb260","editorGroupHeader.noTabsBackground":"#fbf1c7","editorGroupHeader.tabsBackground":"#fbf1c7","editorGroupHeader.tabsBorder":"#ebdbb2","editorGutter.addedBackground":"#79740e","editorGutter.background":"#0000","editorGutter.deletedBackground":"#9d0006","editorGutter.modifiedBackground":"#076678","editorHoverWidget.background":"#fbf1c7","editorHoverWidget.border":"#ebdbb2","editorIndentGuide.activeBackground":"#bdae93","editorInfo.foreground":"#458588","editorLineNumber.foreground":"#bdae93","editorLink.activeForeground":"#3c3836","editorOverviewRuler.addedForeground":"#076678","editorOverviewRuler.border":"#0000","editorOverviewRuler.commonContentForeground":"#928374","editorOverviewRuler.currentContentForeground":"#458588","editorOverviewRuler.deletedForeground":"#076678","editorOverviewRuler.errorForeground":"#9d0006","editorOverviewRuler.findMatchForeground":"#665c54","editorOverviewRuler.incomingContentForeground":"#689d6a","editorOverviewRuler.infoForeground":"#8f3f71","editorOverviewRuler.modifiedForeground":"#076678","editorOverviewRuler.rangeHighlightForeground":"#665c54","editorOverviewRuler.selectionHighlightForeground":"#bdae93","editorOverviewRuler.warningForeground":"#d79921","editorOverviewRuler.wordHighlightForeground":"#bdae93","editorOverviewRuler.wordHighlightStrongForeground":"#bdae93","editorRuler.foreground":"#7c6f6440","editorStickyScroll.shadow":"#d5c4a199","editorStickyScrollHover.background":"#ebdbb260","editorSuggestWidget.background":"#fbf1c7","editorSuggestWidget.border":"#ebdbb2","editorSuggestWidget.foreground":"#3c3836","editorSuggestWidget.highlightForeground":"#689d6a","editorSuggestWidget.selectedBackground":"#ebdbb260","editorWarning.foreground":"#d79921","editorWhitespace.foreground":"#7c6f6420","editorWidget.background":"#fbf1c7","editorWidget.border":"#ebdbb2","errorForeground":"#9d0006","extensionButton.prominentBackground":"#79740e80","extensionButton.prominentHoverBackground":"#79740e30","focusBorder":"#ebdbb2","foreground":"#3c3836","gitDecoration.addedResourceForeground":"#3c3836","gitDecoration.conflictingResourceForeground":"#b16286","gitDecoration.deletedResourceForeground":"#cc241d","gitDecoration.ignoredResourceForeground":"#a89984","gitDecoration.modifiedResourceForeground":"#d79921","gitDecoration.untrackedResourceForeground":"#98971a","gitlens.closedAutolinkedIssueIconColor":"#b16286","gitlens.closedPullRequestIconColor":"#cc241d","gitlens.decorations.branchAheadForegroundColor":"#98971a","gitlens.decorations.branchBehindForegroundColor":"#d65d0e","gitlens.decorations.branchDivergedForegroundColor":"#d79921","gitlens.decorations.branchMissingUpstreamForegroundColor":"#cc241d","gitlens.decorations.statusMergingOrRebasingConflictForegroundColor":"#cc241d","gitlens.decorations.statusMergingOrRebasingForegroundColor":"#d79921","gitlens.decorations.workspaceCurrentForegroundColor":"#98971a","gitlens.decorations.workspaceRepoMissingForegroundColor":"#a89984","gitlens.decorations.workspaceRepoOpenForegroundColor":"#98971a","gitlens.decorations.worktreeHasUncommittedChangesForegroundColor":"#928374","gitlens.decorations.worktreeMissingForegroundColor":"#cc241d","gitlens.graphChangesColumnAddedColor":"#98971a","gitlens.graphChangesColumnDeletedColor":"#cc241d","gitlens.graphLane10Color":"#98971a","gitlens.graphLane1Color":"#076678","gitlens.graphLane2Color":"#458588","gitlens.graphLane3Color":"#8f3f71","gitlens.graphLane4Color":"#b16286","gitlens.graphLane5Color":"#427b58","gitlens.graphLane6Color":"#689d6a","gitlens.graphLane7Color":"#b57614","gitlens.graphLane8Color":"#d79921","gitlens.graphLane9Color":"#79740e","gitlens.graphMinimapMarkerHeadColor":"#98971a","gitlens.graphMinimapMarkerHighlightsColor":"#79740e","gitlens.graphMinimapMarkerLocalBranchesColor":"#076678","gitlens.graphMinimapMarkerPullRequestsColor":"#af3a03","gitlens.graphMinimapMarkerRemoteBranchesColor":"#458588","gitlens.graphMinimapMarkerStashesColor":"#b16286","gitlens.graphMinimapMarkerTagsColor":"#a89984","gitlens.graphMinimapMarkerUpstreamColor":"#689d6a","gitlens.graphScrollMarkerHeadColor":"#79740e","gitlens.graphScrollMarkerHighlightsColor":"#d79921","gitlens.graphScrollMarkerLocalBranchesColor":"#076678","gitlens.graphScrollMarkerPullRequestsColor":"#af3a03","gitlens.graphScrollMarkerRemoteBranchesColor":"#458588","gitlens.graphScrollMarkerStashesColor":"#b16286","gitlens.graphScrollMarkerTagsColor":"#a89984","gitlens.graphScrollMarkerUpstreamColor":"#427b58","gitlens.gutterBackgroundColor":"#ebdbb2","gitlens.gutterForegroundColor":"#3c3836","gitlens.gutterUncommittedForegroundColor":"#458588","gitlens.launchpadIndicatorAttentionColor":"#b57614","gitlens.launchpadIndicatorAttentionHoverColor":"#d79921","gitlens.launchpadIndicatorBlockedColor":"#9d0006","gitlens.launchpadIndicatorBlockedHoverColor":"#cc241d","gitlens.launchpadIndicatorMergeableColor":"#79740e","gitlens.launchpadIndicatorMergeableHoverColor":"#98971a","gitlens.lineHighlightBackgroundColor":"#ebdbb2","gitlens.lineHighlightOverviewRulerColor":"#458588","gitlens.mergedPullRequestIconColor":"#b16286","gitlens.openAutolinkedIssueIconColor":"#98971a","gitlens.openPullRequestIconColor":"#98971a","gitlens.trailingLineBackgroundColor":"#fbf1c7a0","gitlens.trailingLineForegroundColor":"#928374a0","gitlens.unpublishedChangesIconColor":"#98971a","gitlens.unpublishedCommitIconColor":"#98971a","gitlens.unpulledChangesIconColor":"#af3a03","icon.foreground":"#3c3836","input.background":"#fbf1c7","input.border":"#ebdbb2","input.foreground":"#3c3836","input.placeholderForeground":"#3c383660","inputOption.activeBorder":"#3c383660","inputValidation.errorBackground":"#cc241d","inputValidation.errorBorder":"#9d0006","inputValidation.infoBackground":"#45858880","inputValidation.infoBorder":"#076678","inputValidation.warningBackground":"#d79921","inputValidation.warningBorder":"#b57614","list.activeSelectionBackground":"#ebdbb280","list.activeSelectionForeground":"#427b58","list.dropBackground":"#ebdbb2","list.focusBackground":"#ebdbb2","list.focusForeground":"#3c3836","list.highlightForeground":"#689d6a","list.hoverBackground":"#ebdbb280","list.hoverForeground":"#504945","list.inactiveSelectionBackground":"#ebdbb280","list.inactiveSelectionForeground":"#689d6a","menu.border":"#ebdbb2","menu.separatorBackground":"#ebdbb2","merge.border":"#0000","merge.currentContentBackground":"#45858820","merge.currentHeaderBackground":"#45858840","merge.incomingContentBackground":"#689d6a20","merge.incomingHeaderBackground":"#689d6a40","notebook.cellBorderColor":"#d5c4a1","notebook.cellEditorBackground":"#ebdbb2","notebook.focusedCellBorder":"#7c6f64","notebook.focusedEditorBorder":"#d5c4a1","panel.border":"#ebdbb2","panelTitle.activeForeground":"#3c3836","peekView.border":"#ebdbb2","peekViewEditor.background":"#ebdbb270","peekViewEditor.matchHighlightBackground":"#d5c4a1","peekViewEditorGutter.background":"#ebdbb270","peekViewResult.background":"#ebdbb270","peekViewResult.fileForeground":"#3c3836","peekViewResult.lineForeground":"#3c3836","peekViewResult.matchHighlightBackground":"#d5c4a1","peekViewResult.selectionBackground":"#45858820","peekViewResult.selectionForeground":"#3c3836","peekViewTitle.background":"#ebdbb270","peekViewTitleDescription.foreground":"#665c54","peekViewTitleLabel.foreground":"#3c3836","progressBar.background":"#689d6a","scmGraph.historyItemHoverDefaultLabelForeground":"#ebdbb2","scmGraph.historyItemHoverLabelForeground":"#ebdbb2","scrollbar.shadow":"#fbf1c7","scrollbarSlider.activeBackground":"#689d6a","scrollbarSlider.background":"#d5c4a199","scrollbarSlider.hoverBackground":"#bdae93","selection.background":"#689d6a80","sideBar.background":"#fbf1c7","sideBar.border":"#ebdbb2","sideBar.foreground":"#504945","sideBarSectionHeader.background":"#0000","sideBarSectionHeader.foreground":"#3c3836","sideBarTitle.foreground":"#3c3836","statusBar.background":"#fbf1c7","statusBar.border":"#ebdbb2","statusBar.debuggingBackground":"#af3a03","statusBar.debuggingBorder":"#0000","statusBar.debuggingForeground":"#fbf1c7","statusBar.foreground":"#3c3836","statusBar.noFolderBackground":"#fbf1c7","statusBar.noFolderBorder":"#0000","tab.activeBackground":"#ebdbb2","tab.activeBorder":"#689d6a","tab.activeForeground":"#3c3836","tab.border":"#0000","tab.inactiveBackground":"#fbf1c7","tab.inactiveForeground":"#7c6f64","tab.unfocusedActiveBorder":"#0000","tab.unfocusedActiveForeground":"#7c6f64","tab.unfocusedInactiveForeground":"#928374","terminal.ansiBlack":"#ebdbb2","terminal.ansiBlue":"#458588","terminal.ansiBrightBlack":"#928374","terminal.ansiBrightBlue":"#076678","terminal.ansiBrightCyan":"#427b58","terminal.ansiBrightGreen":"#79740e","terminal.ansiBrightMagenta":"#8f3f71","terminal.ansiBrightRed":"#9d0006","terminal.ansiBrightWhite":"#3c3836","terminal.ansiBrightYellow":"#b57614","terminal.ansiCyan":"#689d6a","terminal.ansiGreen":"#98971a","terminal.ansiMagenta":"#b16286","terminal.ansiRed":"#cc241d","terminal.ansiWhite":"#7c6f64","terminal.ansiYellow":"#d79921","terminal.background":"#fbf1c7","terminal.foreground":"#3c3836","textLink.activeForeground":"#458588","textLink.foreground":"#076678","titleBar.activeBackground":"#fbf1c7","titleBar.activeForeground":"#3c3836","titleBar.inactiveBackground":"#fbf1c7","widget.border":"#ebdbb2","widget.shadow":"#fbf1c730"},"displayName":"Gruvbox Light Medium","name":"gruvbox-light-medium","semanticHighlighting":true,"semanticTokenColors":{"component":"#af3a03","constant.builtin":"#8f3f71","function":"#427b58","function.builtin":"#af3a03","method":"#427b58","parameter":"#076678","property":"#076678","property:python":"#3c3836","variable":"#3c3836"},"tokenColors":[{"settings":{"foreground":"#3c3836"}},{"scope":"emphasis","settings":{"fontStyle":"italic"}},{"scope":"strong","settings":{"fontStyle":"bold"}},{"scope":"header","settings":{"foreground":"#458588"}},{"scope":["comment","punctuation.definition.comment"],"settings":{"fontStyle":"italic","foreground":"#928374"}},{"scope":["constant","support.constant","variable.arguments"],"settings":{"foreground":"#8f3f71"}},{"scope":"constant.rgb-value","settings":{"foreground":"#3c3836"}},{"scope":"entity.name.selector","settings":{"foreground":"#427b58"}},{"scope":"entity.other.attribute-name","settings":{"foreground":"#b57614"}},{"scope":["entity.name.tag","punctuation.tag"],"settings":{"foreground":"#427b58"}},{"scope":["invalid","invalid.illegal"],"settings":{"foreground":"#cc241d"}},{"scope":"invalid.deprecated","settings":{"foreground":"#b16286"}},{"scope":"meta.selector","settings":{"foreground":"#427b58"}},{"scope":"meta.preprocessor","settings":{"foreground":"#af3a03"}},{"scope":"meta.preprocessor.string","settings":{"foreground":"#79740e"}},{"scope":"meta.preprocessor.numeric","settings":{"foreground":"#79740e"}},{"scope":"meta.header.diff","settings":{"foreground":"#af3a03"}},{"scope":"storage","settings":{"foreground":"#9d0006"}},{"scope":["storage.type","storage.modifier"],"settings":{"foreground":"#af3a03"}},{"scope":"string","settings":{"foreground":"#79740e"}},{"scope":"string.tag","settings":{"foreground":"#79740e"}},{"scope":"string.value","settings":{"foreground":"#79740e"}},{"scope":"string.regexp","settings":{"foreground":"#af3a03"}},{"scope":"string.escape","settings":{"foreground":"#9d0006"}},{"scope":"string.quasi","settings":{"foreground":"#427b58"}},{"scope":"string.entity","settings":{"foreground":"#79740e"}},{"scope":"object","settings":{"foreground":"#3c3836"}},{"scope":"module.node","settings":{"foreground":"#076678"}},{"scope":"support.type.property-name","settings":{"foreground":"#689d6a"}},{"scope":"keyword","settings":{"foreground":"#9d0006"}},{"scope":"keyword.control","settings":{"foreground":"#9d0006"}},{"scope":"keyword.control.module","settings":{"foreground":"#427b58"}},{"scope":"keyword.control.less","settings":{"foreground":"#d79921"}},{"scope":"keyword.operator","settings":{"foreground":"#427b58"}},{"scope":"keyword.operator.new","settings":{"foreground":"#af3a03"}},{"scope":"keyword.other.unit","settings":{"foreground":"#79740e"}},{"scope":"metatag.php","settings":{"foreground":"#af3a03"}},{"scope":"support.function.git-rebase","settings":{"foreground":"#689d6a"}},{"scope":"constant.sha.git-rebase","settings":{"foreground":"#79740e"}},{"scope":["meta.type.name","meta.return.type","meta.return-type","meta.cast","meta.type.annotation","support.type","storage.type.cs","variable.class"],"settings":{"foreground":"#b57614"}},{"scope":["variable.this","support.variable"],"settings":{"foreground":"#8f3f71"}},{"scope":["entity.name","entity.static","entity.name.class.static.function","entity.name.function","entity.name.class","entity.name.type"],"settings":{"foreground":"#b57614"}},{"scope":["entity.function","entity.name.function.static"],"settings":{"foreground":"#427b58"}},{"scope":"entity.name.function.function-call","settings":{"foreground":"#427b58"}},{"scope":"support.function.builtin","settings":{"foreground":"#af3a03"}},{"scope":["entity.name.method","entity.name.method.function-call","entity.name.static.function-call"],"settings":{"foreground":"#689d6a"}},{"scope":"brace","settings":{"foreground":"#504945"}},{"scope":["meta.parameter.type.variable","variable.parameter","variable.name","variable.other","variable","string.constant.other.placeholder"],"settings":{"foreground":"#076678"}},{"scope":"prototype","settings":{"foreground":"#8f3f71"}},{"scope":["punctuation"],"settings":{"foreground":"#7c6f64"}},{"scope":"punctuation.quoted","settings":{"foreground":"#3c3836"}},{"scope":"punctuation.quasi","settings":{"foreground":"#9d0006"}},{"scope":["*url*","*link*","*uri*"],"settings":{"fontStyle":"underline"}},{"scope":["meta.function.python","entity.name.function.python"],"settings":{"foreground":"#427b58"}},{"scope":["storage.type.function.python","storage.modifier.declaration","storage.type.class.python","storage.type.string.python"],"settings":{"foreground":"#9d0006"}},{"scope":["storage.type.function.async.python"],"settings":{"foreground":"#9d0006"}},{"scope":"meta.function-call.generic","settings":{"foreground":"#076678"}},{"scope":"meta.function-call.arguments","settings":{"foreground":"#504945"}},{"scope":"entity.name.function.decorator","settings":{"fontStyle":"bold","foreground":"#b57614"}},{"scope":"constant.other.caps","settings":{"fontStyle":"bold"}},{"scope":"keyword.operator.logical","settings":{"foreground":"#9d0006"}},{"scope":"punctuation.definition.logical-expression","settings":{"foreground":"#af3a03"}},{"scope":["string.interpolated.dollar.shell","string.interpolated.backtick.shell"],"settings":{"foreground":"#427b58"}},{"scope":"keyword.control.directive","settings":{"foreground":"#427b58"}},{"scope":"support.function.C99","settings":{"foreground":"#b57614"}},{"scope":["meta.function.cs","entity.name.function.cs","entity.name.type.namespace.cs"],"settings":{"foreground":"#79740e"}},{"scope":["keyword.other.using.cs","entity.name.variable.field.cs","entity.name.variable.local.cs","variable.other.readwrite.cs"],"settings":{"foreground":"#427b58"}},{"scope":["keyword.other.this.cs","keyword.other.base.cs"],"settings":{"foreground":"#8f3f71"}},{"scope":"meta.scope.prerequisites","settings":{"foreground":"#b57614"}},{"scope":"entity.name.function.target","settings":{"fontStyle":"bold","foreground":"#79740e"}},{"scope":["storage.modifier.import.java","storage.modifier.package.java"],"settings":{"foreground":"#665c54"}},{"scope":["keyword.other.import.java","keyword.other.package.java"],"settings":{"foreground":"#427b58"}},{"scope":"storage.type.java","settings":{"foreground":"#b57614"}},{"scope":"storage.type.annotation","settings":{"fontStyle":"bold","foreground":"#076678"}},{"scope":"keyword.other.documentation.javadoc","settings":{"foreground":"#427b58"}},{"scope":"comment.block.javadoc variable.parameter.java","settings":{"fontStyle":"bold","foreground":"#79740e"}},{"scope":["source.java variable.other.object","source.java variable.other.definition.java"],"settings":{"foreground":"#3c3836"}},{"scope":"meta.function-parameters.lisp","settings":{"foreground":"#b57614"}},{"scope":"markup.underline","settings":{"fontStyle":"underline"}},{"scope":"string.other.link.title.markdown","settings":{"fontStyle":"underline","foreground":"#928374"}},{"scope":"markup.underline.link","settings":{"foreground":"#8f3f71"}},{"scope":"markup.bold","settings":{"fontStyle":"bold","foreground":"#af3a03"}},{"scope":"markup.heading","settings":{"fontStyle":"bold","foreground":"#af3a03"}},{"scope":"markup.italic","settings":{"fontStyle":"italic"}},{"scope":"markup.inserted","settings":{"foreground":"#79740e"}},{"scope":"markup.deleted","settings":{"foreground":"#d65d0e"}},{"scope":"markup.changed","settings":{"foreground":"#af3a03"}},{"scope":"markup.punctuation.quote.beginning","settings":{"foreground":"#98971a"}},{"scope":"markup.punctuation.list.beginning","settings":{"foreground":"#076678"}},{"scope":["markup.inline.raw","markup.fenced_code.block"],"settings":{"foreground":"#427b58"}},{"scope":"string.quoted.double.json","settings":{"foreground":"#076678"}},{"scope":"entity.other.attribute-name.css","settings":{"foreground":"#af3a03"}},{"scope":"source.css meta.selector","settings":{"foreground":"#3c3836"}},{"scope":"support.type.property-name.css","settings":{"foreground":"#af3a03"}},{"scope":"entity.other.attribute-name.class","settings":{"foreground":"#79740e"}},{"scope":["source.css support.function.transform","source.css support.function.timing-function","source.css support.function.misc"],"settings":{"foreground":"#9d0006"}},{"scope":["support.property-value","constant.rgb-value","support.property-value.scss","constant.rgb-value.scss"],"settings":{"foreground":"#d65d0e"}},{"scope":["entity.name.tag.css"],"settings":{"fontStyle":""}},{"scope":["punctuation.definition.tag"],"settings":{"foreground":"#076678"}},{"scope":["text.html entity.name.tag","text.html punctuation.tag"],"settings":{"fontStyle":"bold","foreground":"#427b58"}},{"scope":["source.js variable.language"],"settings":{"foreground":"#af3a03"}},{"scope":["source.ts variable.language"],"settings":{"foreground":"#af3a03"}},{"scope":["source.go storage.type"],"settings":{"foreground":"#b57614"}},{"scope":["source.go entity.name.import"],"settings":{"foreground":"#79740e"}},{"scope":["source.go keyword.package","source.go keyword.import"],"settings":{"foreground":"#427b58"}},{"scope":["source.go keyword.interface","source.go keyword.struct"],"settings":{"foreground":"#076678"}},{"scope":["source.go entity.name.type"],"settings":{"foreground":"#3c3836"}},{"scope":["source.go entity.name.function"],"settings":{"foreground":"#8f3f71"}},{"scope":["keyword.control.cucumber.table"],"settings":{"foreground":"#076678"}},{"scope":["source.reason string.double","source.reason string.regexp"],"settings":{"foreground":"#79740e"}},{"scope":["source.reason keyword.control.less"],"settings":{"foreground":"#427b58"}},{"scope":["source.reason entity.name.function"],"settings":{"foreground":"#076678"}},{"scope":["source.reason support.property-value","source.reason entity.name.filename"],"settings":{"foreground":"#af3a03"}},{"scope":["source.powershell variable.other.member.powershell"],"settings":{"foreground":"#af3a03"}},{"scope":["source.powershell support.function.powershell"],"settings":{"foreground":"#b57614"}},{"scope":["source.powershell support.function.attribute.powershell"],"settings":{"foreground":"#665c54"}},{"scope":["source.powershell meta.hashtable.assignment.powershell variable.other.readwrite.powershell"],"settings":{"foreground":"#af3a03"}},{"scope":["support.function.be.latex","support.function.general.tex","support.function.section.latex","support.function.textbf.latex","support.function.textit.latex","support.function.texttt.latex","support.function.emph.latex","support.function.url.latex"],"settings":{"foreground":"#9d0006"}},{"scope":["support.class.math.block.tex","support.class.math.block.environment.latex"],"settings":{"foreground":"#af3a03"}},{"scope":["keyword.control.preamble.latex","keyword.control.include.latex"],"settings":{"foreground":"#8f3f71"}},{"scope":["support.class.latex"],"settings":{"foreground":"#427b58"}}],"type":"light"}
