{"colors":{"activityBar.background":"#E7DBA0","activityBar.foreground":"#545464","activityBarBadge.background":"#5A7785","activityBarBadge.foreground":"#545464","badge.background":"#E7DBA0","button.background":"#E7DBA0","button.foreground":"#43436C","button.secondaryBackground":"#C7D7E0","button.secondaryForeground":"#545464","checkbox.border":"#C7D7E0","debugToolBar.background":"#D5CEA3","descriptionForeground":"#545464","diffEditor.insertedTextBackground":"#B7D0AE80","dropdown.background":"#D5CEA3","dropdown.border":"#D5CEA3","editor.background":"#F2ECBC","editor.findMatchBackground":"#B5CBD2","editor.findMatchBorder":"#E98A00","editor.findMatchHighlightBackground":"#B5CBD280","editor.foreground":"#545464","editor.lineHighlightBackground":"#E4D794","editor.selectionBackground":"#C7D7E0","editor.selectionHighlightBackground":"#E4D79480","editor.selectionHighlightBorder":"#766B90","editor.wordHighlightBackground":"#E4D7944D","editor.wordHighlightBorder":"#766B90","editor.wordHighlightStrongBackground":"#E4D7944D","editor.wordHighlightStrongBorder":"#766B90","editorBracketHighlight.foreground1":"#624C83","editorBracketHighlight.foreground2":"#CC6D00","editorBracketHighlight.foreground3":"#4D699B","editorBracketHighlight.foreground4":"#B35B79","editorBracketHighlight.foreground5":"#77713F","editorBracketHighlight.foreground6":"#597B75","editorBracketHighlight.unexpectedBracket.foreground":"#D9A594","editorBracketMatch.background":"#D5CEA3","editorBracketMatch.border":"#766B90","editorBracketPairGuide.activeBackground1":"#624C83","editorBracketPairGuide.activeBackground2":"#CC6D00","editorBracketPairGuide.activeBackground3":"#4D699B","editorBracketPairGuide.activeBackground4":"#B35B79","editorBracketPairGuide.activeBackground5":"#77713F","editorBracketPairGuide.activeBackground6":"#597B75","editorCursor.background":"#F2ECBC","editorCursor.foreground":"#545464","editorError.foreground":"#E82424","editorGroup.border":"#D5CEA3","editorGroupHeader.tabsBackground":"#D5CEA3","editorGutter.addedBackground":"#6E915F","editorGutter.deletedBackground":"#D7474B","editorGutter.modifiedBackground":"#DE9800","editorHoverWidget.background":"#F2ECBC","editorHoverWidget.border":"#E7DBA0","editorHoverWidget.highlightForeground":"#5A7785","editorIndentGuide.activeBackground1":"#E4D794","editorIndentGuide.background1":"#E7DBA0","editorInlayHint.background":"#F2ECBC","editorInlayHint.foreground":"#716E61","editorLineNumber.activeForeground":"#CC6D00","editorLineNumber.foreground":"#766B90","editorMarkerNavigation.background":"#E4D794","editorRuler.foreground":"#ff0000","editorSuggestWidget.background":"#C7D7E0","editorSuggestWidget.border":"#C7D7E0","editorSuggestWidget.selectedBackground":"#B5CBD2","editorWarning.foreground":"#E98A00","editorWhitespace.foreground":"#F2ECBC","editorWidget.background":"#F2ECBC","focusBorder":"#C7D7E0","foreground":"#545464","gitDecoration.ignoredResourceForeground":"#716E61","input.background":"#D5CEA3","list.activeSelectionBackground":"#E4D794","list.activeSelectionForeground":"#545464","list.focusBackground":"#E7DBA0","list.focusForeground":"#545464","list.highlightForeground":"#4D699B","list.hoverBackground":"#E4D794","list.hoverForeground":"#545464","list.inactiveSelectionBackground":"#E7DBA0","list.inactiveSelectionForeground":"#545464","list.warningForeground":"#E98A00","menu.background":"#E4D794","menu.border":"#D5CEA3","menu.foreground":"#545464","menu.selectionBackground":"#D5CEA3","menu.selectionForeground":"#545464","menu.separatorBackground":"#766B90","menubar.selectionBackground":"#D5CEA3","menubar.selectionForeground":"#545464","minimapGutter.addedBackground":"#6E915F","minimapGutter.deletedBackground":"#D7474B","minimapGutter.modifiedBackground":"#DE9800","panel.border":"#D5CEA3","panelSectionHeader.background":"#F2ECBC","peekView.border":"#766B90","peekViewEditor.background":"#E7DBA0","peekViewEditor.matchHighlightBackground":"#B5CBD2","peekViewResult.background":"#E4D794","scrollbar.shadow":"#E4D794","scrollbarSlider.activeBackground":"#E7DBA080","scrollbarSlider.background":"#766B9066","scrollbarSlider.hoverBackground":"#766B9080","settings.focusedRowBackground":"#E4D794","settings.headerForeground":"#545464","sideBar.background":"#F2ECBC","sideBar.border":"#D5CEA3","sideBar.foreground":"#545464","sideBarSectionHeader.background":"#E4D794","sideBarSectionHeader.foreground":"#545464","statusBar.background":"#D5CEA3","statusBar.debuggingBackground":"#E82424","statusBar.debuggingBorder":"#624C83","statusBar.debuggingForeground":"#545464","statusBar.foreground":"#43436C","statusBar.noFolderBackground":"#F2ECBC","statusBarItem.hoverBackground":"#E4D794","statusBarItem.remoteBackground":"#B5CBD2","statusBarItem.remoteForeground":"#545464","tab.activeBackground":"#E7DBA0","tab.activeForeground":"#4D699B","tab.border":"#E7DBA0","tab.hoverBackground":"#E4D794","tab.inactiveBackground":"#E5DDB0","tab.unfocusedHoverBackground":"#F2ECBC","terminal.ansiBlack":"#1F1F28","terminal.ansiBlue":"#4D699B","terminal.ansiBrightBlack":"#8A8980","terminal.ansiBrightBlue":"#6693BF","terminal.ansiBrightCyan":"#5E857A","terminal.ansiBrightGreen":"#6E915F","terminal.ansiBrightMagenta":"#624C83","terminal.ansiBrightRed":"#D7474B","terminal.ansiBrightWhite":"#43436C","terminal.ansiBrightYellow":"#836F4A","terminal.ansiCyan":"#597B75","terminal.ansiGreen":"#6F894E","terminal.ansiMagenta":"#B35B79","terminal.ansiRed":"#C84053","terminal.ansiWhite":"#545464","terminal.ansiYellow":"#77713F","terminal.background":"#F2ECBC","terminal.border":"#D5CEA3","terminal.foreground":"#545464","terminal.selectionBackground":"#C7D7E0","textBlockQuote.background":"#F2ECBC","textBlockQuote.border":"#D5CEA3","textLink.foreground":"#5E857A","textPreformat.foreground":"#E98A00","titleBar.activeBackground":"#E4D794","titleBar.activeForeground":"#545464","titleBar.inactiveBackground":"#F2ECBC","titleBar.inactiveForeground":"#545464","walkThrough.embeddedEditorBackground":"#F2ECBC"},"displayName":"Kanagawa Lotus","name":"kanagawa-lotus","semanticHighlighting":true,"semanticTokenColors":{"arithmetic":"#836F4A","function":"#4D699B","keyword.controlFlow":{"fontStyle":"bold","foreground":"#624C83"},"macro":"#C84053","method":"#6693BF","operator":"#836F4A","parameter":"#5D57A3","parameter.declaration":"#5D57A3","parameter.definition":"#5D57A3","variable":"#545464","variable.readonly":"#545464","variable.readonly.defaultLibrary":"#545464","variable.readonly.local":"#545464"},"tokenColors":[{"scope":["comment","punctuation.definition.comment"],"settings":{"foreground":"#716E61"}},{"scope":["variable","string constant.other.placeholder"],"settings":{"foreground":"#545464"}},{"scope":["constant.other.color"],"settings":{"foreground":"#CC6D00"}},{"scope":["invalid","invalid.illegal"],"settings":{"foreground":"#E82424"}},{"scope":["storage.type"],"settings":{"foreground":"#624C83"}},{"scope":["storage.modifier"],"settings":{"foreground":"#624C83"}},{"scope":["keyword.control.flow","keyword.control.conditional","keyword.control.loop"],"settings":{"fontStyle":"bold","foreground":"#624C83"}},{"scope":["keyword.control","constant.other.color","meta.tag","keyword.other.template","keyword.other.substitution","keyword.other"],"settings":{"foreground":"#624C83"}},{"scope":["keyword.other.definition.ini"],"settings":{"foreground":"#CC6D00"}},{"scope":["keyword.control.trycatch"],"settings":{"fontStyle":"bold","foreground":"#D9A594"}},{"scope":["keyword.other.unit","keyword.operator"],"settings":{"foreground":"#77713F"}},{"scope":["punctuation","punctuation.definition.tag","punctuation.separator.inheritance.php","punctuation.definition.tag.html","punctuation.definition.tag.begin.html","punctuation.definition.tag.end.html","punctuation.section.embedded","meta.brace","keyword.operator.type.annotation","keyword.operator.namespace"],"settings":{"foreground":"#4E8CA2"}},{"scope":["entity.name.tag","meta.tag.sgml"],"settings":{"foreground":"#77713F"}},{"scope":["entity.name.function","meta.function-call","variable.function","support.function"],"settings":{"foreground":"#4D699B"}},{"scope":["keyword.other.special-method"],"settings":{"foreground":"#6693BF"}},{"scope":["entity.name.function.macro"],"settings":{"foreground":"#C84053"}},{"scope":["meta.block variable.other"],"settings":{"foreground":"#545464"}},{"scope":["variable.other.enummember"],"settings":{"foreground":"#CC6D00"}},{"scope":["support.other.variable"],"settings":{"foreground":"#545464"}},{"scope":["string.other.link"],"settings":{"foreground":"#6693BF"}},{"scope":["constant.numeric","constant.language","support.constant","constant.character","constant.escape"],"settings":{"foreground":"#CC6D00"}},{"scope":["constant.language.boolean"],"settings":{"foreground":"#CC6D00"}},{"scope":["constant.numeric"],"settings":{"foreground":"#B35B79"}},{"scope":["string","punctuation.definition.string","constant.other.symbol","constant.other.key","entity.other.inherited-class","markup.heading","markup.inserted.git_gutter","meta.group.braces.curly constant.other.object.key.js string.unquoted.label.js","markup.inline.raw.string"],"settings":{"foreground":"#6F894E"}},{"scope":["entity.name","support.type","support.class","support.other.namespace.use.php","meta.use.php","support.other.namespace.php","support.type.sys-types"],"settings":{"foreground":"#597B75"}},{"scope":["entity.name.type.module","entity.name.namespace"],"settings":{"foreground":"#77713F"}},{"scope":["entity.name.import.go"],"settings":{"foreground":"#6F894E"}},{"scope":["keyword.blade"],"settings":{"foreground":"#624C83"}},{"scope":["variable.other.property"],"settings":{"foreground":"#77713F"}},{"scope":["keyword.control.import","keyword.import","meta.import"],"settings":{"foreground":"#CC6D00"}},{"scope":["source.css support.type.property-name","source.sass support.type.property-name","source.scss support.type.property-name","source.less support.type.property-name","source.stylus support.type.property-name","source.postcss support.type.property-name"],"settings":{"foreground":"#597B75"}},{"scope":["entity.name.module.js","variable.import.parameter.js","variable.other.class.js"],"settings":{"foreground":"#D9A594"}},{"scope":["variable.language"],"settings":{"foreground":"#D9A594"}},{"scope":["entity.name.method.js"],"settings":{"foreground":"#6693BF"}},{"scope":["meta.class-method.js entity.name.function.js","variable.function.constructor"],"settings":{"foreground":"#6693BF"}},{"scope":["entity.other.attribute-name"],"settings":{"foreground":"#624C83"}},{"scope":["entity.other.attribute-name.class"],"settings":{"foreground":"#77713F"}},{"scope":["source.sass keyword.control"],"settings":{"foreground":"#6693BF"}},{"scope":["markup.inserted"],"settings":{"foreground":"#6E915F"}},{"scope":["markup.deleted"],"settings":{"foreground":"#D7474B"}},{"scope":["markup.changed"],"settings":{"foreground":"#DE9800"}},{"scope":["string.regexp"],"settings":{"foreground":"#836F4A"}},{"scope":["constant.character.escape"],"settings":{"foreground":"#6693BF"}},{"scope":["*url*","*link*","*uri*"],"settings":{"fontStyle":"underline"}},{"scope":["tag.decorator.js entity.name.tag.js","tag.decorator.js punctuation.definition.tag.js"],"settings":{"foreground":"#624C83"}},{"scope":["source.js constant.other.object.key.js string.unquoted.label.js"],"settings":{"foreground":"#D9A594"}},{"scope":["source.json meta.structure.dictionary.json support.type.property-name.json"],"settings":{"foreground":"#B35B79"}},{"scope":["source.json meta.structure.dictionary.json meta.structure.dictionary.value.json meta.structure.dictionary.json support.type.property-name.json"],"settings":{"foreground":"#77713F"}},{"scope":["source.json meta.structure.dictionary.json meta.structure.dictionary.value.json meta.structure.dictionary.json meta.structure.dictionary.value.json meta.structure.dictionary.json support.type.property-name.json"],"settings":{"foreground":"#CC6D00"}},{"scope":["source.json meta.structure.dictionary.json meta.structure.dictionary.value.json meta.structure.dictionary.json meta.structure.dictionary.value.json meta.structure.dictionary.json meta.structure.dictionary.value.json meta.structure.dictionary.json support.type.property-name.json"],"settings":{"foreground":"#D9A594"}},{"scope":["source.json meta.structure.dictionary.json meta.structure.dictionary.value.json meta.structure.dictionary.json meta.structure.dictionary.value.json meta.structure.dictionary.json meta.structure.dictionary.value.json meta.structure.dictionary.json meta.structure.dictionary.value.json meta.structure.dictionary.json support.type.property-name.json"],"settings":{"foreground":"#CC6D00"}},{"scope":["source.json meta.structure.dictionary.json meta.structure.dictionary.value.json meta.structure.dictionary.json meta.structure.dictionary.value.json meta.structure.dictionary.json meta.structure.dictionary.value.json meta.structure.dictionary.json meta.structure.dictionary.value.json meta.structure.dictionary.json meta.structure.dictionary.value.json meta.structure.dictionary.json support.type.property-name.json"],"settings":{"foreground":"#4D699B"}},{"scope":["source.json meta.structure.dictionary.json meta.structure.dictionary.value.json meta.structure.dictionary.json meta.structure.dictionary.value.json meta.structure.dictionary.json meta.structure.dictionary.value.json meta.structure.dictionary.json meta.structure.dictionary.value.json meta.structure.dictionary.json meta.structure.dictionary.value.json meta.structure.dictionary.json meta.structure.dictionary.value.json meta.structure.dictionary.json support.type.property-name.json"],"settings":{"foreground":"#B35B79"}},{"scope":["source.json meta.structure.dictionary.json meta.structure.dictionary.value.json meta.structure.dictionary.json meta.structure.dictionary.value.json meta.structure.dictionary.json meta.structure.dictionary.value.json meta.structure.dictionary.json meta.structure.dictionary.value.json meta.structure.dictionary.json meta.structure.dictionary.value.json meta.structure.dictionary.json meta.structure.dictionary.value.json meta.structure.dictionary.json meta.structure.dictionary.value.json meta.structure.dictionary.json support.type.property-name.json"],"settings":{"foreground":"#624C83"}},{"scope":["source.json meta.structure.dictionary.json meta.structure.dictionary.value.json meta.structure.dictionary.json meta.structure.dictionary.value.json meta.structure.dictionary.json meta.structure.dictionary.value.json meta.structure.dictionary.json meta.structure.dictionary.value.json meta.structure.dictionary.json meta.structure.dictionary.value.json meta.structure.dictionary.json meta.structure.dictionary.value.json meta.structure.dictionary.json meta.structure.dictionary.value.json meta.structure.dictionary.json meta.structure.dictionary.value.json meta.structure.dictionary.json support.type.property-name.json"],"settings":{"foreground":"#6F894E"}},{"scope":["meta.tag JSXNested","meta.jsx.children","text.html","text.log"],"settings":{"foreground":"#545464"}},{"scope":["text.html.markdown","punctuation.definition.list_item.markdown"],"settings":{"foreground":"#545464"}},{"scope":["text.html.markdown markup.inline.raw.markdown"],"settings":{"foreground":"#624C83"}},{"scope":["text.html.markdown markup.inline.raw.markdown punctuation.definition.raw.markdown"],"settings":{"foreground":"#624C83"}},{"scope":["markdown.heading","entity.name.section.markdown","markup.heading.markdown"],"settings":{"foreground":"#4D699B"}},{"scope":["markup.italic"],"settings":{"fontStyle":"italic","foreground":"#C84053"}},{"scope":["markup.bold","markup.bold string"],"settings":{"fontStyle":"bold"}},{"scope":["markup.bold markup.italic","markup.italic markup.bold","markup.quote markup.bold","markup.bold markup.italic string","markup.italic markup.bold string","markup.quote markup.bold string"],"settings":{"fontStyle":"bold","foreground":"#C84053"}},{"scope":["markup.underline"],"settings":{"fontStyle":"underline","foreground":"#6693BF"}},{"scope":["markup.quote punctuation.definition.blockquote.markdown"],"settings":{"foreground":"#716E61"}},{"scope":["markup.quote"],"settings":{"fontStyle":"italic"}},{"scope":["string.other.link.title.markdown"],"settings":{"foreground":"#CC6D00"}},{"scope":["string.other.link.description.title.markdown"],"settings":{"foreground":"#624C83"}},{"scope":["constant.other.reference.link.markdown"],"settings":{"foreground":"#77713F"}},{"scope":["markup.raw.block"],"settings":{"foreground":"#624C83"}},{"scope":["markup.raw.block.fenced.markdown"],"settings":{"foreground":"#716E61"}},{"scope":["punctuation.definition.fenced.markdown"],"settings":{"foreground":"#716E61"}},{"scope":["markup.raw.block.fenced.markdown","variable.language.fenced.markdown","punctuation.section.class.end"],"settings":{"foreground":"#545464"}},{"scope":["variable.language.fenced.markdown"],"settings":{"foreground":"#716E61"}},{"scope":["meta.separator"],"settings":{"fontStyle":"bold","foreground":"#4E8CA2"}},{"scope":["markup.table"],"settings":{"foreground":"#545464"}}],"type":"light"}
