{"colors":{"activityBar.background":"#282727","activityBar.foreground":"#C5C9C5","activityBarBadge.background":"#658594","activityBarBadge.foreground":"#C5C9C5","badge.background":"#282727","button.background":"#282727","button.foreground":"#C8C093","button.secondaryBackground":"#223249","button.secondaryForeground":"#C5C9C5","checkbox.border":"#223249","debugToolBar.background":"#0D0C0C","descriptionForeground":"#C5C9C5","diffEditor.insertedTextBackground":"#2B332880","dropdown.background":"#0D0C0C","dropdown.border":"#0D0C0C","editor.background":"#181616","editor.findMatchBackground":"#2D4F67","editor.findMatchBorder":"#FF9E3B","editor.findMatchHighlightBackground":"#2D4F6780","editor.foreground":"#C5C9C5","editor.lineHighlightBackground":"#393836","editor.selectionBackground":"#223249","editor.selectionHighlightBackground":"#39383680","editor.selectionHighlightBorder":"#625E5A","editor.wordHighlightBackground":"#3938364D","editor.wordHighlightBorder":"#625E5A","editor.wordHighlightStrongBackground":"#3938364D","editor.wordHighlightStrongBorder":"#625E5A","editorBracketHighlight.foreground1":"#8992A7","editorBracketHighlight.foreground2":"#B6927B","editorBracketHighlight.foreground3":"#8BA4B0","editorBracketHighlight.foreground4":"#A292A3","editorBracketHighlight.foreground5":"#C4B28A","editorBracketHighlight.foreground6":"#8EA4A2","editorBracketHighlight.unexpectedBracket.foreground":"#C4746E","editorBracketMatch.background":"#0D0C0C","editorBracketMatch.border":"#625E5A","editorBracketPairGuide.activeBackground1":"#8992A7","editorBracketPairGuide.activeBackground2":"#B6927B","editorBracketPairGuide.activeBackground3":"#8BA4B0","editorBracketPairGuide.activeBackground4":"#A292A3","editorBracketPairGuide.activeBackground5":"#C4B28A","editorBracketPairGuide.activeBackground6":"#8EA4A2","editorCursor.background":"#181616","editorCursor.foreground":"#C5C9C5","editorError.foreground":"#E82424","editorGroup.border":"#0D0C0C","editorGroupHeader.tabsBackground":"#0D0C0C","editorGutter.addedBackground":"#76946A","editorGutter.deletedBackground":"#C34043","editorGutter.modifiedBackground":"#DCA561","editorHoverWidget.background":"#181616","editorHoverWidget.border":"#282727","editorHoverWidget.highlightForeground":"#658594","editorIndentGuide.activeBackground1":"#393836","editorIndentGuide.background1":"#282727","editorInlayHint.background":"#181616","editorInlayHint.foreground":"#737C73","editorLineNumber.activeForeground":"#FFA066","editorLineNumber.foreground":"#625E5A","editorMarkerNavigation.background":"#393836","editorRuler.foreground":"#393836","editorSuggestWidget.background":"#223249","editorSuggestWidget.border":"#223249","editorSuggestWidget.selectedBackground":"#2D4F67","editorWarning.foreground":"#FF9E3B","editorWhitespace.foreground":"#181616","editorWidget.background":"#181616","focusBorder":"#223249","foreground":"#C5C9C5","gitDecoration.ignoredResourceForeground":"#737C73","input.background":"#0D0C0C","list.activeSelectionBackground":"#393836","list.activeSelectionForeground":"#C5C9C5","list.focusBackground":"#282727","list.focusForeground":"#C5C9C5","list.highlightForeground":"#8BA4B0","list.hoverBackground":"#393836","list.hoverForeground":"#C5C9C5","list.inactiveSelectionBackground":"#282727","list.inactiveSelectionForeground":"#C5C9C5","list.warningForeground":"#FF9E3B","menu.background":"#393836","menu.border":"#0D0C0C","menu.foreground":"#C5C9C5","menu.selectionBackground":"#0D0C0C","menu.selectionForeground":"#C5C9C5","menu.separatorBackground":"#625E5A","menubar.selectionBackground":"#0D0C0C","menubar.selectionForeground":"#C5C9C5","minimapGutter.addedBackground":"#76946A","minimapGutter.deletedBackground":"#C34043","minimapGutter.modifiedBackground":"#DCA561","panel.border":"#0D0C0C","panelSectionHeader.background":"#181616","peekView.border":"#625E5A","peekViewEditor.background":"#282727","peekViewEditor.matchHighlightBackground":"#2D4F67","peekViewResult.background":"#393836","scrollbar.shadow":"#393836","scrollbarSlider.activeBackground":"#28272780","scrollbarSlider.background":"#625E5A66","scrollbarSlider.hoverBackground":"#625E5A80","settings.focusedRowBackground":"#393836","settings.headerForeground":"#C5C9C5","sideBar.background":"#181616","sideBar.border":"#0D0C0C","sideBar.foreground":"#C5C9C5","sideBarSectionHeader.background":"#393836","sideBarSectionHeader.foreground":"#C5C9C5","statusBar.background":"#0D0C0C","statusBar.debuggingBackground":"#E82424","statusBar.debuggingBorder":"#8992A7","statusBar.debuggingForeground":"#C5C9C5","statusBar.foreground":"#C8C093","statusBar.noFolderBackground":"#181616","statusBarItem.hoverBackground":"#393836","statusBarItem.remoteBackground":"#2D4F67","statusBarItem.remoteForeground":"#C5C9C5","tab.activeBackground":"#282727","tab.activeForeground":"#8BA4B0","tab.border":"#282727","tab.hoverBackground":"#393836","tab.inactiveBackground":"#1D1C19","tab.unfocusedHoverBackground":"#181616","terminal.ansiBlack":"#0D0C0C","terminal.ansiBlue":"#8BA4B0","terminal.ansiBrightBlack":"#A6A69C","terminal.ansiBrightBlue":"#7FB4CA","terminal.ansiBrightCyan":"#7AA89F","terminal.ansiBrightGreen":"#87A987","terminal.ansiBrightMagenta":"#938AA9","terminal.ansiBrightRed":"#E46876","terminal.ansiBrightWhite":"#C5C9C5","terminal.ansiBrightYellow":"#E6C384","terminal.ansiCyan":"#8EA4A2","terminal.ansiGreen":"#8A9A7B","terminal.ansiMagenta":"#A292A3","terminal.ansiRed":"#C4746E","terminal.ansiWhite":"#C8C093","terminal.ansiYellow":"#C4B28A","terminal.background":"#181616","terminal.border":"#0D0C0C","terminal.foreground":"#C5C9C5","terminal.selectionBackground":"#223249","textBlockQuote.background":"#181616","textBlockQuote.border":"#0D0C0C","textLink.foreground":"#6A9589","textPreformat.foreground":"#FF9E3B","titleBar.activeBackground":"#393836","titleBar.activeForeground":"#C5C9C5","titleBar.inactiveBackground":"#181616","titleBar.inactiveForeground":"#C5C9C5","walkThrough.embeddedEditorBackground":"#181616"},"displayName":"Kanagawa Dragon","name":"kanagawa-dragon","semanticHighlighting":true,"semanticTokenColors":{"arithmetic":"#B98D7B","function":"#8BA4B0","keyword.controlFlow":{"fontStyle":"bold","foreground":"#8992A7"},"macro":"#C4746E","method":"#949FB5","operator":"#B98D7B","parameter":"#A6A69C","parameter.declaration":"#A6A69C","parameter.definition":"#A6A69C","variable":"#C5C9C5","variable.readonly":"#C5C9C5","variable.readonly.defaultLibrary":"#C5C9C5","variable.readonly.local":"#C5C9C5"},"tokenColors":[{"scope":["comment","punctuation.definition.comment"],"settings":{"foreground":"#737C73"}},{"scope":["variable","string constant.other.placeholder"],"settings":{"foreground":"#C5C9C5"}},{"scope":["constant.other.color"],"settings":{"foreground":"#B6927B"}},{"scope":["invalid","invalid.illegal"],"settings":{"foreground":"#E82424"}},{"scope":["storage.type"],"settings":{"foreground":"#8992A7"}},{"scope":["storage.modifier"],"settings":{"foreground":"#8992A7"}},{"scope":["keyword.control.flow","keyword.control.conditional","keyword.control.loop"],"settings":{"fontStyle":"bold","foreground":"#8992A7"}},{"scope":["keyword.control","constant.other.color","meta.tag","keyword.other.template","keyword.other.substitution","keyword.other"],"settings":{"foreground":"#8992A7"}},{"scope":["keyword.other.definition.ini"],"settings":{"foreground":"#B6927B"}},{"scope":["keyword.control.trycatch"],"settings":{"fontStyle":"bold","foreground":"#C4746E"}},{"scope":["keyword.other.unit","keyword.operator"],"settings":{"foreground":"#C4B28A"}},{"scope":["punctuation","punctuation.definition.tag","punctuation.separator.inheritance.php","punctuation.definition.tag.html","punctuation.definition.tag.begin.html","punctuation.definition.tag.end.html","punctuation.section.embedded","meta.brace","keyword.operator.type.annotation","keyword.operator.namespace"],"settings":{"foreground":"#9E9B93"}},{"scope":["entity.name.tag","meta.tag.sgml"],"settings":{"foreground":"#C4B28A"}},{"scope":["entity.name.function","meta.function-call","variable.function","support.function"],"settings":{"foreground":"#8BA4B0"}},{"scope":["keyword.other.special-method"],"settings":{"foreground":"#949FB5"}},{"scope":["entity.name.function.macro"],"settings":{"foreground":"#C4746E"}},{"scope":["meta.block variable.other"],"settings":{"foreground":"#C5C9C5"}},{"scope":["variable.other.enummember"],"settings":{"foreground":"#B6927B"}},{"scope":["support.other.variable"],"settings":{"foreground":"#C5C9C5"}},{"scope":["string.other.link"],"settings":{"foreground":"#949FB5"}},{"scope":["constant.numeric","constant.language","support.constant","constant.character","constant.escape"],"settings":{"foreground":"#B6927B"}},{"scope":["constant.language.boolean"],"settings":{"foreground":"#B6927B"}},{"scope":["constant.numeric"],"settings":{"foreground":"#A292A3"}},{"scope":["string","punctuation.definition.string","constant.other.symbol","constant.other.key","entity.other.inherited-class","markup.heading","markup.inserted.git_gutter","meta.group.braces.curly constant.other.object.key.js string.unquoted.label.js","markup.inline.raw.string"],"settings":{"foreground":"#8A9A7B"}},{"scope":["entity.name","support.type","support.class","support.other.namespace.use.php","meta.use.php","support.other.namespace.php","support.type.sys-types"],"settings":{"foreground":"#8EA4A2"}},{"scope":["entity.name.type.module","entity.name.namespace"],"settings":{"foreground":"#C4B28A"}},{"scope":["entity.name.import.go"],"settings":{"foreground":"#8A9A7B"}},{"scope":["keyword.blade"],"settings":{"foreground":"#8992A7"}},{"scope":["variable.other.property"],"settings":{"foreground":"#C4B28A"}},{"scope":["keyword.control.import","keyword.import","meta.import"],"settings":{"foreground":"#B6927B"}},{"scope":["source.css support.type.property-name","source.sass support.type.property-name","source.scss support.type.property-name","source.less support.type.property-name","source.stylus support.type.property-name","source.postcss support.type.property-name"],"settings":{"foreground":"#8EA4A2"}},{"scope":["entity.name.module.js","variable.import.parameter.js","variable.other.class.js"],"settings":{"foreground":"#C4746E"}},{"scope":["variable.language"],"settings":{"foreground":"#C4746E"}},{"scope":["entity.name.method.js"],"settings":{"foreground":"#949FB5"}},{"scope":["meta.class-method.js entity.name.function.js","variable.function.constructor"],"settings":{"foreground":"#949FB5"}},{"scope":["entity.other.attribute-name"],"settings":{"foreground":"#8992A7"}},{"scope":["entity.other.attribute-name.class"],"settings":{"foreground":"#C4B28A"}},{"scope":["source.sass keyword.control"],"settings":{"foreground":"#949FB5"}},{"scope":["markup.inserted"],"settings":{"foreground":"#76946A"}},{"scope":["markup.deleted"],"settings":{"foreground":"#C34043"}},{"scope":["markup.changed"],"settings":{"foreground":"#DCA561"}},{"scope":["string.regexp"],"settings":{"foreground":"#B98D7B"}},{"scope":["constant.character.escape"],"settings":{"foreground":"#949FB5"}},{"scope":["*url*","*link*","*uri*"],"settings":{"fontStyle":"underline"}},{"scope":["tag.decorator.js entity.name.tag.js","tag.decorator.js punctuation.definition.tag.js"],"settings":{"foreground":"#8992A7"}},{"scope":["source.js constant.other.object.key.js string.unquoted.label.js"],"settings":{"foreground":"#C4746E"}},{"scope":["source.json meta.structure.dictionary.json support.type.property-name.json"],"settings":{"foreground":"#A292A3"}},{"scope":["source.json meta.structure.dictionary.json meta.structure.dictionary.value.json meta.structure.dictionary.json support.type.property-name.json"],"settings":{"foreground":"#C4B28A"}},{"scope":["source.json meta.structure.dictionary.json meta.structure.dictionary.value.json meta.structure.dictionary.json meta.structure.dictionary.value.json meta.structure.dictionary.json support.type.property-name.json"],"settings":{"foreground":"#B6927B"}},{"scope":["source.json meta.structure.dictionary.json meta.structure.dictionary.value.json meta.structure.dictionary.json meta.structure.dictionary.value.json meta.structure.dictionary.json meta.structure.dictionary.value.json meta.structure.dictionary.json support.type.property-name.json"],"settings":{"foreground":"#C4746E"}},{"scope":["source.json meta.structure.dictionary.json meta.structure.dictionary.value.json meta.structure.dictionary.json meta.structure.dictionary.value.json meta.structure.dictionary.json meta.structure.dictionary.value.json meta.structure.dictionary.json meta.structure.dictionary.value.json meta.structure.dictionary.json support.type.property-name.json"],"settings":{"foreground":"#B6927B"}},{"scope":["source.json meta.structure.dictionary.json meta.structure.dictionary.value.json meta.structure.dictionary.json meta.structure.dictionary.value.json meta.structure.dictionary.json meta.structure.dictionary.value.json meta.structure.dictionary.json meta.structure.dictionary.value.json meta.structure.dictionary.json meta.structure.dictionary.value.json meta.structure.dictionary.json support.type.property-name.json"],"settings":{"foreground":"#8BA4B0"}},{"scope":["source.json meta.structure.dictionary.json meta.structure.dictionary.value.json meta.structure.dictionary.json meta.structure.dictionary.value.json meta.structure.dictionary.json meta.structure.dictionary.value.json meta.structure.dictionary.json meta.structure.dictionary.value.json meta.structure.dictionary.json meta.structure.dictionary.value.json meta.structure.dictionary.json meta.structure.dictionary.value.json meta.structure.dictionary.json support.type.property-name.json"],"settings":{"foreground":"#A292A3"}},{"scope":["source.json meta.structure.dictionary.json meta.structure.dictionary.value.json meta.structure.dictionary.json meta.structure.dictionary.value.json meta.structure.dictionary.json meta.structure.dictionary.value.json meta.structure.dictionary.json meta.structure.dictionary.value.json meta.structure.dictionary.json meta.structure.dictionary.value.json meta.structure.dictionary.json meta.structure.dictionary.value.json meta.structure.dictionary.json meta.structure.dictionary.value.json meta.structure.dictionary.json support.type.property-name.json"],"settings":{"foreground":"#8992A7"}},{"scope":["source.json meta.structure.dictionary.json meta.structure.dictionary.value.json meta.structure.dictionary.json meta.structure.dictionary.value.json meta.structure.dictionary.json meta.structure.dictionary.value.json meta.structure.dictionary.json meta.structure.dictionary.value.json meta.structure.dictionary.json meta.structure.dictionary.value.json meta.structure.dictionary.json meta.structure.dictionary.value.json meta.structure.dictionary.json meta.structure.dictionary.value.json meta.structure.dictionary.json meta.structure.dictionary.value.json meta.structure.dictionary.json support.type.property-name.json"],"settings":{"foreground":"#8A9A7B"}},{"scope":["meta.tag JSXNested","meta.jsx.children","text.html","text.log"],"settings":{"foreground":"#C5C9C5"}},{"scope":["text.html.markdown","punctuation.definition.list_item.markdown"],"settings":{"foreground":"#C5C9C5"}},{"scope":["text.html.markdown markup.inline.raw.markdown"],"settings":{"foreground":"#8992A7"}},{"scope":["text.html.markdown markup.inline.raw.markdown punctuation.definition.raw.markdown"],"settings":{"foreground":"#8992A7"}},{"scope":["markdown.heading","entity.name.section.markdown","markup.heading.markdown"],"settings":{"foreground":"#8BA4B0"}},{"scope":["markup.italic"],"settings":{"fontStyle":"italic","foreground":"#C4746E"}},{"scope":["markup.bold","markup.bold string"],"settings":{"fontStyle":"bold"}},{"scope":["markup.bold markup.italic","markup.italic markup.bold","markup.quote markup.bold","markup.bold markup.italic string","markup.italic markup.bold string","markup.quote markup.bold string"],"settings":{"fontStyle":"bold","foreground":"#C4746E"}},{"scope":["markup.underline"],"settings":{"fontStyle":"underline","foreground":"#949FB5"}},{"scope":["markup.quote punctuation.definition.blockquote.markdown"],"settings":{"foreground":"#737C73"}},{"scope":["markup.quote"],"settings":{"fontStyle":"italic"}},{"scope":["string.other.link.title.markdown"],"settings":{"foreground":"#B6927B"}},{"scope":["string.other.link.description.title.markdown"],"settings":{"foreground":"#8992A7"}},{"scope":["constant.other.reference.link.markdown"],"settings":{"foreground":"#C4B28A"}},{"scope":["markup.raw.block"],"settings":{"foreground":"#8992A7"}},{"scope":["markup.raw.block.fenced.markdown"],"settings":{"foreground":"#737C73"}},{"scope":["punctuation.definition.fenced.markdown"],"settings":{"foreground":"#737C73"}},{"scope":["markup.raw.block.fenced.markdown","variable.language.fenced.markdown","punctuation.section.class.end"],"settings":{"foreground":"#C5C9C5"}},{"scope":["variable.language.fenced.markdown"],"settings":{"foreground":"#737C73"}},{"scope":["meta.separator"],"settings":{"fontStyle":"bold","foreground":"#9E9B93"}},{"scope":["markup.table"],"settings":{"foreground":"#C5C9C5"}}],"type":"dark"}
