{"colors":{"activityBar.activeBorder":"#80CBC4","activityBar.background":"#292D3E","activityBar.border":"#292D3E60","activityBar.dropBackground":"#f0717880","activityBar.foreground":"#babed8","activityBarBadge.background":"#80CBC4","activityBarBadge.foreground":"#000000","badge.background":"#00000030","badge.foreground":"#676E95","breadcrumb.activeSelectionForeground":"#80CBC4","breadcrumb.background":"#292D3E","breadcrumb.focusForeground":"#babed8","breadcrumb.foreground":"#676E95","breadcrumbPicker.background":"#292D3E","button.background":"#717CB450","button.foreground":"#ffffff","debugConsole.errorForeground":"#f07178","debugConsole.infoForeground":"#89DDFF","debugConsole.warningForeground":"#FFCB6B","debugToolBar.background":"#292D3E","diffEditor.insertedTextBackground":"#89DDFF20","diffEditor.removedTextBackground":"#ff9cac20","dropdown.background":"#292D3E","dropdown.border":"#FFFFFF10","editor.background":"#292D3E","editor.findMatchBackground":"#000000","editor.findMatchBorder":"#80CBC4","editor.findMatchHighlight":"#babed8","editor.findMatchHighlightBackground":"#00000050","editor.findMatchHighlightBorder":"#ffffff30","editor.findRangeHighlightBackground":"#FFCB6B30","editor.foreground":"#babed8","editor.lineHighlightBackground":"#00000050","editor.lineHighlightBorder":"#00000000","editor.rangeHighlightBackground":"#FFFFFF0d","editor.selectionBackground":"#717CB450","editor.selectionHighlightBackground":"#FFCC0020","editor.wordHighlightBackground":"#ff9cac30","editor.wordHighlightStrongBackground":"#C3E88D30","editorBracketMatch.background":"#292D3E","editorBracketMatch.border":"#FFCC0050","editorCursor.foreground":"#FFCC00","editorError.foreground":"#f0717870","editorGroup.border":"#00000030","editorGroup.dropBackground":"#f0717880","editorGroup.focusedEmptyBorder":"#f07178","editorGroupHeader.tabsBackground":"#292D3E","editorGutter.addedBackground":"#C3E88D60","editorGutter.deletedBackground":"#f0717860","editorGutter.modifiedBackground":"#82AAFF60","editorHoverWidget.background":"#292D3E","editorHoverWidget.border":"#FFFFFF10","editorIndentGuide.activeBackground":"#4E5579","editorIndentGuide.background":"#4E557970","editorInfo.foreground":"#82AAFF70","editorLineNumber.activeForeground":"#676E95","editorLineNumber.foreground":"#3A3F58","editorLink.activeForeground":"#babed8","editorMarkerNavigation.background":"#babed805","editorOverviewRuler.border":"#292D3E","editorOverviewRuler.errorForeground":"#f0717840","editorOverviewRuler.findMatchForeground":"#80CBC4","editorOverviewRuler.infoForeground":"#82AAFF40","editorOverviewRuler.warningForeground":"#FFCB6B40","editorRuler.foreground":"#4E5579","editorSuggestWidget.background":"#292D3E","editorSuggestWidget.border":"#FFFFFF10","editorSuggestWidget.foreground":"#babed8","editorSuggestWidget.highlightForeground":"#80CBC4","editorSuggestWidget.selectedBackground":"#00000050","editorWarning.foreground":"#FFCB6B70","editorWhitespace.foreground":"#babed840","editorWidget.background":"#292D3E","editorWidget.border":"#80CBC4","editorWidget.resizeBorder":"#80CBC4","extensionBadge.remoteForeground":"#babed8","extensionButton.prominentBackground":"#C3E88D90","extensionButton.prominentForeground":"#babed8","extensionButton.prominentHoverBackground":"#C3E88D","focusBorder":"#FFFFFF00","foreground":"#babed8","gitDecoration.conflictingResourceForeground":"#FFCB6B90","gitDecoration.deletedResourceForeground":"#f0717890","gitDecoration.ignoredResourceForeground":"#676E9590","gitDecoration.modifiedResourceForeground":"#82AAFF90","gitDecoration.untrackedResourceForeground":"#C3E88D90","input.background":"#333747","input.border":"#FFFFFF10","input.foreground":"#babed8","input.placeholderForeground":"#babed860","inputOption.activeBackground":"#babed830","inputOption.activeBorder":"#babed830","inputValidation.errorBorder":"#f07178","inputValidation.infoBorder":"#82AAFF","inputValidation.warningBorder":"#FFCB6B","list.activeSelectionBackground":"#292D3E","list.activeSelectionForeground":"#80CBC4","list.dropBackground":"#f0717880","list.focusBackground":"#babed820","list.focusForeground":"#babed8","list.highlightForeground":"#80CBC4","list.hoverBackground":"#292D3E","list.hoverForeground":"#FFFFFF","list.inactiveSelectionBackground":"#00000030","list.inactiveSelectionForeground":"#80CBC4","listFilterWidget.background":"#00000030","listFilterWidget.noMatchesOutline":"#00000030","listFilterWidget.outline":"#00000030","menu.background":"#292D3E","menu.foreground":"#babed8","menu.selectionBackground":"#00000050","menu.selectionBorder":"#00000030","menu.selectionForeground":"#80CBC4","menu.separatorBackground":"#babed8","menubar.selectionBackground":"#00000030","menubar.selectionBorder":"#00000030","menubar.selectionForeground":"#80CBC4","notebook.focusedCellBorder":"#80CBC4","notebook.inactiveFocusedCellBorder":"#80CBC450","notificationLink.foreground":"#80CBC4","notifications.background":"#292D3E","notifications.foreground":"#babed8","panel.background":"#292D3E","panel.border":"#292D3E60","panel.dropBackground":"#babed8","panelTitle.activeBorder":"#80CBC4","panelTitle.activeForeground":"#FFFFFF","panelTitle.inactiveForeground":"#babed8","peekView.border":"#00000030","peekViewEditor.background":"#333747","peekViewEditor.matchHighlightBackground":"#717CB450","peekViewEditorGutter.background":"#333747","peekViewResult.background":"#333747","peekViewResult.matchHighlightBackground":"#717CB450","peekViewResult.selectionBackground":"#676E9570","peekViewTitle.background":"#333747","peekViewTitleDescription.foreground":"#babed860","pickerGroup.border":"#FFFFFF1a","pickerGroup.foreground":"#80CBC4","progressBar.background":"#80CBC4","quickInput.background":"#292D3E","quickInput.foreground":"#676E95","quickInput.list.focusBackground":"#babed820","sash.hoverBorder":"#80CBC450","scrollbar.shadow":"#00000030","scrollbarSlider.activeBackground":"#80CBC4","scrollbarSlider.background":"#A6ACCD20","scrollbarSlider.hoverBackground":"#A6ACCD10","selection.background":"#00000080","settings.checkboxBackground":"#292D3E","settings.checkboxForeground":"#babed8","settings.dropdownBackground":"#292D3E","settings.dropdownForeground":"#babed8","settings.headerForeground":"#80CBC4","settings.modifiedItemIndicator":"#80CBC4","settings.numberInputBackground":"#292D3E","settings.numberInputForeground":"#babed8","settings.textInputBackground":"#292D3E","settings.textInputForeground":"#babed8","sideBar.background":"#292D3E","sideBar.border":"#292D3E60","sideBar.foreground":"#676E95","sideBarSectionHeader.background":"#292D3E","sideBarSectionHeader.border":"#292D3E60","sideBarTitle.foreground":"#babed8","statusBar.background":"#292D3E","statusBar.border":"#292D3E60","statusBar.debuggingBackground":"#C792EA","statusBar.debuggingForeground":"#ffffff","statusBar.foreground":"#676E95","statusBar.noFolderBackground":"#292D3E","statusBarItem.activeBackground":"#f0717880","statusBarItem.hoverBackground":"#676E9520","statusBarItem.remoteBackground":"#80CBC4","statusBarItem.remoteForeground":"#000000","tab.activeBackground":"#292D3E","tab.activeBorder":"#80CBC4","tab.activeForeground":"#FFFFFF","tab.activeModifiedBorder":"#676E95","tab.border":"#292D3E","tab.inactiveBackground":"#292D3E","tab.inactiveForeground":"#676E95","tab.inactiveModifiedBorder":"#904348","tab.unfocusedActiveBorder":"#676E95","tab.unfocusedActiveForeground":"#babed8","tab.unfocusedActiveModifiedBorder":"#c05a60","tab.unfocusedInactiveModifiedBorder":"#904348","terminal.ansiBlack":"#000000","terminal.ansiBlue":"#82AAFF","terminal.ansiBrightBlack":"#676E95","terminal.ansiBrightBlue":"#82AAFF","terminal.ansiBrightCyan":"#89DDFF","terminal.ansiBrightGreen":"#C3E88D","terminal.ansiBrightMagenta":"#C792EA","terminal.ansiBrightRed":"#f07178","terminal.ansiBrightWhite":"#ffffff","terminal.ansiBrightYellow":"#FFCB6B","terminal.ansiCyan":"#89DDFF","terminal.ansiGreen":"#C3E88D","terminal.ansiMagenta":"#C792EA","terminal.ansiRed":"#f07178","terminal.ansiWhite":"#ffffff","terminal.ansiYellow":"#FFCB6B","terminalCursor.background":"#000000","terminalCursor.foreground":"#FFCB6B","textLink.activeForeground":"#babed8","textLink.foreground":"#80CBC4","titleBar.activeBackground":"#292D3E","titleBar.activeForeground":"#babed8","titleBar.border":"#292D3E60","titleBar.inactiveBackground":"#292D3E","titleBar.inactiveForeground":"#676E95","tree.indentGuidesStroke":"#4E5579","widget.shadow":"#00000030"},"displayName":"Material Theme Palenight","name":"material-theme-palenight","semanticHighlighting":true,"tokenColors":[{"settings":{"background":"#292D3E","foreground":"#babed8"}},{"scope":"string","settings":{"foreground":"#C3E88D"}},{"scope":"punctuation, constant.other.symbol","settings":{"foreground":"#89DDFF"}},{"scope":"constant.character.escape, text.html constant.character.entity.named","settings":{"foreground":"#babed8"}},{"scope":"constant.language.boolean","settings":{"foreground":"#ff9cac"}},{"scope":"constant.numeric","settings":{"foreground":"#F78C6C"}},{"scope":"variable, variable.parameter, support.variable, variable.language, support.constant, meta.definition.variable entity.name.function, meta.function-call.arguments","settings":{"foreground":"#babed8"}},{"scope":"keyword.other","settings":{"foreground":"#F78C6C"}},{"scope":"keyword, modifier, variable.language.this, support.type.object, constant.language","settings":{"foreground":"#89DDFF"}},{"scope":"entity.name.function, support.function","settings":{"foreground":"#82AAFF"}},{"scope":"storage.type, storage.modifier, storage.control","settings":{"foreground":"#C792EA"}},{"scope":"support.module, support.node","settings":{"fontStyle":"italic","foreground":"#f07178"}},{"scope":"support.type, constant.other.key","settings":{"foreground":"#FFCB6B"}},{"scope":"entity.name.type, entity.other.inherited-class, entity.other","settings":{"foreground":"#FFCB6B"}},{"scope":"comment","settings":{"fontStyle":"italic","foreground":"#676E95"}},{"scope":"comment punctuation.definition.comment, string.quoted.docstring","settings":{"fontStyle":"italic","foreground":"#676E95"}},{"scope":"punctuation","settings":{"foreground":"#89DDFF"}},{"scope":"entity.name, entity.name.type.class, support.type, support.class, meta.use","settings":{"foreground":"#FFCB6B"}},{"scope":"variable.object.property, meta.field.declaration entity.name.function","settings":{"foreground":"#f07178"}},{"scope":"meta.definition.method entity.name.function","settings":{"foreground":"#f07178"}},{"scope":"meta.function entity.name.function","settings":{"foreground":"#82AAFF"}},{"scope":"template.expression.begin, template.expression.end, punctuation.definition.template-expression.begin, punctuation.definition.template-expression.end","settings":{"foreground":"#89DDFF"}},{"scope":"meta.embedded, source.groovy.embedded, meta.template.expression","settings":{"foreground":"#babed8"}},{"scope":"entity.name.tag.yaml","settings":{"foreground":"#f07178"}},{"scope":"meta.object-literal.key, meta.object-literal.key string, support.type.property-name.json","settings":{"foreground":"#f07178"}},{"scope":"constant.language.json","settings":{"foreground":"#89DDFF"}},{"scope":"entity.other.attribute-name.class","settings":{"foreground":"#FFCB6B"}},{"scope":"entity.other.attribute-name.id","settings":{"foreground":"#F78C6C"}},{"scope":"source.css entity.name.tag","settings":{"foreground":"#FFCB6B"}},{"scope":"support.type.property-name.css","settings":{"foreground":"#B2CCD6"}},{"scope":"meta.tag, punctuation.definition.tag","settings":{"foreground":"#89DDFF"}},{"scope":"entity.name.tag","settings":{"foreground":"#f07178"}},{"scope":"entity.other.attribute-name","settings":{"foreground":"#C792EA"}},{"scope":"punctuation.definition.entity.html","settings":{"foreground":"#babed8"}},{"scope":"markup.heading","settings":{"foreground":"#89DDFF"}},{"scope":"text.html.markdown meta.link.inline, meta.link.reference","settings":{"foreground":"#f07178"}},{"scope":"text.html.markdown beginning.punctuation.definition.list","settings":{"foreground":"#89DDFF"}},{"scope":"markup.italic","settings":{"fontStyle":"italic","foreground":"#f07178"}},{"scope":"markup.bold","settings":{"fontStyle":"bold","foreground":"#f07178"}},{"scope":"markup.bold markup.italic, markup.italic markup.bold","settings":{"fontStyle":"italic bold","foreground":"#f07178"}},{"scope":"markup.fenced_code.block.markdown punctuation.definition.markdown","settings":{"foreground":"#C3E88D"}},{"scope":"markup.inline.raw.string.markdown","settings":{"foreground":"#C3E88D"}},{"scope":"keyword.other.definition.ini","settings":{"foreground":"#f07178"}},{"scope":"entity.name.section.group-title.ini","settings":{"foreground":"#89DDFF"}},{"scope":"source.cs meta.class.identifier storage.type","settings":{"foreground":"#FFCB6B"}},{"scope":"source.cs meta.method.identifier entity.name.function","settings":{"foreground":"#f07178"}},{"scope":"source.cs meta.method-call meta.method, source.cs entity.name.function","settings":{"foreground":"#82AAFF"}},{"scope":"source.cs storage.type","settings":{"foreground":"#FFCB6B"}},{"scope":"source.cs meta.method.return-type","settings":{"foreground":"#FFCB6B"}},{"scope":"source.cs meta.preprocessor","settings":{"foreground":"#676E95"}},{"scope":"source.cs entity.name.type.namespace","settings":{"foreground":"#babed8"}},{"scope":"meta.jsx.children, SXNested","settings":{"foreground":"#babed8"}},{"scope":"support.class.component","settings":{"foreground":"#FFCB6B"}},{"scope":"source.cpp meta.block variable.other","settings":{"foreground":"#babed8"}},{"scope":"source.python meta.member.access.python","settings":{"foreground":"#f07178"}},{"scope":"source.python meta.function-call.python, meta.function-call.arguments","settings":{"foreground":"#82AAFF"}},{"scope":"meta.block","settings":{"foreground":"#f07178"}},{"scope":"entity.name.function.call","settings":{"foreground":"#82AAFF"}},{"scope":"source.php support.other.namespace, source.php meta.use support.class","settings":{"foreground":"#babed8"}},{"scope":"constant.keyword","settings":{"fontStyle":"italic","foreground":"#89DDFF"}},{"scope":"entity.name.function","settings":{"foreground":"#82AAFF"}},{"settings":{"background":"#292D3E","foreground":"#babed8"}},{"scope":["constant.other.placeholder"],"settings":{"foreground":"#f07178"}},{"scope":["markup.deleted"],"settings":{"foreground":"#f07178"}},{"scope":["markup.inserted"],"settings":{"foreground":"#C3E88D"}},{"scope":["markup.underline"],"settings":{"fontStyle":"underline"}},{"scope":["keyword.control"],"settings":{"fontStyle":"italic","foreground":"#89DDFF"}},{"scope":["variable.parameter"],"settings":{"fontStyle":"italic"}},{"scope":["variable.parameter.function.language.special.self.python"],"settings":{"fontStyle":"italic","foreground":"#f07178"}},{"scope":["constant.character.format.placeholder.other.python"],"settings":{"foreground":"#F78C6C"}},{"scope":["markup.quote"],"settings":{"fontStyle":"italic","foreground":"#89DDFF"}},{"scope":["markup.fenced_code.block"],"settings":{"foreground":"#babed890"}},{"scope":["punctuation.definition.quote"],"settings":{"foreground":"#ff9cac"}},{"scope":["meta.structure.dictionary.json support.type.property-name.json"],"settings":{"foreground":"#C792EA"}},{"scope":["meta.structure.dictionary.json meta.structure.dictionary.value.json meta.structure.dictionary.json support.type.property-name.json"],"settings":{"foreground":"#FFCB6B"}},{"scope":["meta.structure.dictionary.json meta.structure.dictionary.value.json meta.structure.dictionary.json meta.structure.dictionary.value.json meta.structure.dictionary.json support.type.property-name.json"],"settings":{"foreground":"#F78C6C"}},{"scope":["meta.structure.dictionary.json meta.structure.dictionary.value.json meta.structure.dictionary.json meta.structure.dictionary.value.json meta.structure.dictionary.json meta.structure.dictionary.value.json meta.structure.dictionary.json support.type.property-name.json"],"settings":{"foreground":"#f07178"}},{"scope":["meta.structure.dictionary.json meta.structure.dictionary.value.json meta.structure.dictionary.json meta.structure.dictionary.value.json meta.structure.dictionary.json meta.structure.dictionary.value.json meta.structure.dictionary.json meta.structure.dictionary.value.json meta.structure.dictionary.json support.type.property-name.json"],"settings":{"foreground":"#916b53"}},{"scope":["meta.structure.dictionary.json meta.structure.dictionary.value.json meta.structure.dictionary.json meta.structure.dictionary.value.json meta.structure.dictionary.json meta.structure.dictionary.value.json meta.structure.dictionary.json meta.structure.dictionary.value.json meta.structure.dictionary.json meta.structure.dictionary.value.json meta.structure.dictionary.json support.type.property-name.json"],"settings":{"foreground":"#82AAFF"}},{"scope":["meta.structure.dictionary.json meta.structure.dictionary.value.json meta.structure.dictionary.json meta.structure.dictionary.value.json meta.structure.dictionary.json meta.structure.dictionary.value.json meta.structure.dictionary.json meta.structure.dictionary.value.json meta.structure.dictionary.json meta.structure.dictionary.value.json meta.structure.dictionary.json meta.structure.dictionary.value.json meta.structure.dictionary.json support.type.property-name.json"],"settings":{"foreground":"#ff9cac"}},{"scope":["meta.structure.dictionary.json meta.structure.dictionary.value.json meta.structure.dictionary.json meta.structure.dictionary.value.json meta.structure.dictionary.json meta.structure.dictionary.value.json meta.structure.dictionary.json meta.structure.dictionary.value.json meta.structure.dictionary.json meta.structure.dictionary.value.json meta.structure.dictionary.json meta.structure.dictionary.value.json meta.structure.dictionary.json meta.structure.dictionary.value.json meta.structure.dictionary.json support.type.property-name.json"],"settings":{"foreground":"#C792EA"}},{"scope":["meta.structure.dictionary.json meta.structure.dictionary.value.json meta.structure.dictionary.json meta.structure.dictionary.value.json meta.structure.dictionary.json meta.structure.dictionary.value.json meta.structure.dictionary.json meta.structure.dictionary.value.json meta.structure.dictionary.json meta.structure.dictionary.value.json meta.structure.dictionary.json meta.structure.dictionary.value.json meta.structure.dictionary.json meta.structure.dictionary.value.json meta.structure.dictionary.json meta.structure.dictionary.value.json meta.structure.dictionary.json support.type.property-name.json"],"settings":{"foreground":"#C3E88D"}}],"type":"dark"}
