{"colors":{"activityBar.background":"#16161e","activityBar.border":"#16161e","activityBar.foreground":"#787c99","activityBar.inactiveForeground":"#3b3e52","activityBarBadge.background":"#3d59a1","activityBarBadge.foreground":"#fff","activityBarTop.foreground":"#787c99","activityBarTop.inactiveForeground":"#3b3e52","badge.background":"#7e83b230","badge.foreground":"#acb0d0","breadcrumb.activeSelectionForeground":"#a9b1d6","breadcrumb.background":"#16161e","breadcrumb.focusForeground":"#a9b1d6","breadcrumb.foreground":"#515670","breadcrumbPicker.background":"#16161e","button.background":"#3d59a1dd","button.foreground":"#ffffff","button.hoverBackground":"#3d59a1AA","button.secondaryBackground":"#3b3e52","charts.blue":"#7aa2f7","charts.foreground":"#9AA5CE","charts.green":"#41a6b5","charts.lines":"#16161e","charts.orange":"#ff9e64","charts.purple":"#9d7cd8","charts.red":"#f7768e","charts.yellow":"#e0af68","chat.avatarBackground":"#3d59a1","chat.avatarForeground":"#a9b1d6","chat.requestBorder":"#0f0f14","chat.slashCommandBackground":"#14141b","chat.slashCommandForeground":"#7aa2f7","debugConsole.errorForeground":"#bb616b","debugConsole.infoForeground":"#787c99","debugConsole.sourceForeground":"#787c99","debugConsole.warningForeground":"#c49a5a","debugConsoleInputIcon.foreground":"#73daca","debugExceptionWidget.background":"#101014","debugExceptionWidget.border":"#963c47","debugIcon.breakpointDisabledForeground":"#414761","debugIcon.breakpointForeground":"#db4b4b","debugIcon.breakpointUnverifiedForeground":"#c24242","debugTokenExpression.boolean":"#ff9e64","debugTokenExpression.error":"#bb616b","debugTokenExpression.name":"#7dcfff","debugTokenExpression.number":"#ff9e64","debugTokenExpression.string":"#9ece6a","debugTokenExpression.value":"#9aa5ce","debugToolBar.background":"#101014","debugView.stateLabelBackground":"#14141b","debugView.stateLabelForeground":"#787c99","debugView.valueChangedHighlight":"#3d59a1aa","descriptionForeground":"#515670","diffEditor.diagonalFill":"#292e42","diffEditor.insertedLineBackground":"#41a6b520","diffEditor.insertedTextBackground":"#41a6b520","diffEditor.removedLineBackground":"#db4b4b22","diffEditor.removedTextBackground":"#db4b4b22","diffEditor.unchangedCodeBackground":"#282a3b66","diffEditorGutter.insertedLineBackground":"#41a6b525","diffEditorGutter.removedLineBackground":"#db4b4b22","diffEditorOverview.insertedForeground":"#41a6b525","diffEditorOverview.removedForeground":"#db4b4b22","disabledForeground":"#545c7e","dropdown.background":"#14141b","dropdown.foreground":"#787c99","dropdown.listBackground":"#14141b","editor.background":"#1a1b26","editor.findMatchBackground":"#3d59a166","editor.findMatchBorder":"#e0af68","editor.findMatchHighlightBackground":"#3d59a166","editor.findRangeHighlightBackground":"#515c7e33","editor.focusedStackFrameHighlightBackground":"#73daca20","editor.foldBackground":"#1111174a","editor.foreground":"#a9b1d6","editor.inactiveSelectionBackground":"#515c7e25","editor.lineHighlightBackground":"#1e202e","editor.rangeHighlightBackground":"#515c7e20","editor.selectionBackground":"#515c7e4d","editor.selectionHighlightBackground":"#515c7e44","editor.stackFrameHighlightBackground":"#E2BD3A20","editor.wordHighlightBackground":"#515c7e44","editor.wordHighlightStrongBackground":"#515c7e55","editorBracketHighlight.foreground1":"#698cd6","editorBracketHighlight.foreground2":"#68b3de","editorBracketHighlight.foreground3":"#9a7ecc","editorBracketHighlight.foreground4":"#25aac2","editorBracketHighlight.foreground5":"#80a856","editorBracketHighlight.foreground6":"#c49a5a","editorBracketHighlight.unexpectedBracket.foreground":"#db4b4b","editorBracketMatch.background":"#16161e","editorBracketMatch.border":"#42465d","editorBracketPairGuide.activeBackground1":"#698cd6","editorBracketPairGuide.activeBackground2":"#68b3de","editorBracketPairGuide.activeBackground3":"#9a7ecc","editorBracketPairGuide.activeBackground4":"#25aac2","editorBracketPairGuide.activeBackground5":"#80a856","editorBracketPairGuide.activeBackground6":"#c49a5a","editorCodeLens.foreground":"#51597d","editorCursor.foreground":"#c0caf5","editorError.foreground":"#db4b4b","editorGhostText.foreground":"#646e9c","editorGroup.border":"#101014","editorGroup.dropBackground":"#1e202e","editorGroupHeader.border":"#101014","editorGroupHeader.noTabsBackground":"#16161e","editorGroupHeader.tabsBackground":"#16161e","editorGroupHeader.tabsBorder":"#101014","editorGutter.addedBackground":"#164846","editorGutter.deletedBackground":"#823c41","editorGutter.modifiedBackground":"#394b70","editorHint.foreground":"#0da0ba","editorHoverWidget.background":"#16161e","editorHoverWidget.border":"#101014","editorIndentGuide.activeBackground1":"#363b54","editorIndentGuide.background1":"#232433","editorInfo.foreground":"#0da0ba","editorInlayHint.foreground":"#646e9c","editorLightBulb.foreground":"#e0af68","editorLightBulbAutoFix.foreground":"#e0af68","editorLineNumber.activeForeground":"#787c99","editorLineNumber.foreground":"#363b54","editorLink.activeForeground":"#acb0d0","editorMarkerNavigation.background":"#16161e","editorOverviewRuler.addedForeground":"#164846","editorOverviewRuler.border":"#101014","editorOverviewRuler.bracketMatchForeground":"#101014","editorOverviewRuler.deletedForeground":"#703438","editorOverviewRuler.errorForeground":"#db4b4b","editorOverviewRuler.findMatchForeground":"#a9b1d644","editorOverviewRuler.infoForeground":"#1abc9c","editorOverviewRuler.modifiedForeground":"#394b70","editorOverviewRuler.rangeHighlightForeground":"#a9b1d644","editorOverviewRuler.selectionHighlightForeground":"#a9b1d622","editorOverviewRuler.warningForeground":"#e0af68","editorOverviewRuler.wordHighlightForeground":"#bb9af755","editorOverviewRuler.wordHighlightStrongForeground":"#bb9af766","editorPane.background":"#1a1b26","editorRuler.foreground":"#101014","editorSuggestWidget.background":"#16161e","editorSuggestWidget.border":"#101014","editorSuggestWidget.highlightForeground":"#6183bb","editorSuggestWidget.selectedBackground":"#20222c","editorWarning.foreground":"#e0af68","editorWhitespace.foreground":"#363b54","editorWidget.background":"#16161e","editorWidget.border":"#101014","editorWidget.foreground":"#787c99","editorWidget.resizeBorder":"#545c7e33","errorForeground":"#515670","extensionBadge.remoteBackground":"#3d59a1","extensionBadge.remoteForeground":"#ffffff","extensionButton.prominentBackground":"#3d59a1DD","extensionButton.prominentForeground":"#ffffff","extensionButton.prominentHoverBackground":"#3d59a1AA","focusBorder":"#545c7e33","foreground":"#787c99","gitDecoration.addedResourceForeground":"#449dab","gitDecoration.conflictingResourceForeground":"#e0af68cc","gitDecoration.deletedResourceForeground":"#914c54","gitDecoration.ignoredResourceForeground":"#515670","gitDecoration.modifiedResourceForeground":"#6183bb","gitDecoration.renamedResourceForeground":"#449dab","gitDecoration.stageDeletedResourceForeground":"#914c54","gitDecoration.stageModifiedResourceForeground":"#6183bb","gitDecoration.untrackedResourceForeground":"#449dab","gitlens.gutterBackgroundColor":"#16161e","gitlens.gutterForegroundColor":"#787c99","gitlens.gutterUncommittedForegroundColor":"#7aa2f7","gitlens.trailingLineForegroundColor":"#646e9c","icon.foreground":"#787c99","inlineChat.foreground":"#a9b1d6","inlineChatDiff.inserted":"#41a6b540","inlineChatDiff.removed":"#db4b4b42","inlineChatInput.background":"#14141b","input.background":"#14141b","input.border":"#0f0f14","input.foreground":"#a9b1d6","input.placeholderForeground":"#787c998A","inputOption.activeBackground":"#3d59a144","inputOption.activeForeground":"#c0caf5","inputValidation.errorBackground":"#85353e","inputValidation.errorBorder":"#963c47","inputValidation.errorForeground":"#bbc2e0","inputValidation.infoBackground":"#3d59a15c","inputValidation.infoBorder":"#3d59a1","inputValidation.infoForeground":"#bbc2e0","inputValidation.warningBackground":"#c2985b","inputValidation.warningBorder":"#e0af68","inputValidation.warningForeground":"#000000","list.activeSelectionBackground":"#202330","list.activeSelectionForeground":"#a9b1d6","list.deemphasizedForeground":"#787c99","list.dropBackground":"#1e202e","list.errorForeground":"#bb616b","list.focusBackground":"#1c1d29","list.focusForeground":"#a9b1d6","list.highlightForeground":"#668ac4","list.hoverBackground":"#13131a","list.hoverForeground":"#a9b1d6","list.inactiveSelectionBackground":"#1c1d29","list.inactiveSelectionForeground":"#a9b1d6","list.invalidItemForeground":"#c97018","list.warningForeground":"#c49a5a","listFilterWidget.background":"#101014","listFilterWidget.noMatchesOutline":"#a6333f","listFilterWidget.outline":"#3d59a1","menu.background":"#16161e","menu.border":"#101014","menu.foreground":"#787c99","menu.selectionBackground":"#1e202e","menu.selectionForeground":"#a9b1d6","menu.separatorBackground":"#101014","menubar.selectionBackground":"#1e202e","menubar.selectionBorder":"#1b1e2e","menubar.selectionForeground":"#a9b1d6","merge.currentContentBackground":"#007a7544","merge.currentHeaderBackground":"#41a6b525","merge.incomingContentBackground":"#3d59a144","merge.incomingHeaderBackground":"#3d59a1aa","mergeEditor.change.background":"#41a6b525","mergeEditor.change.word.background":"#41a6b540","mergeEditor.conflict.handled.minimapOverViewRuler":"#449dab","mergeEditor.conflict.handledFocused.border":"#41a6b565","mergeEditor.conflict.handledUnfocused.border":"#41a6b525","mergeEditor.conflict.unhandled.minimapOverViewRuler":"#e0af68","mergeEditor.conflict.unhandledFocused.border":"#e0af68b0","mergeEditor.conflict.unhandledUnfocused.border":"#e0af6888","minimapGutter.addedBackground":"#1C5957","minimapGutter.deletedBackground":"#944449","minimapGutter.modifiedBackground":"#425882","multiDiffEditor.border":"#1a1b26","multiDiffEditor.headerBackground":"#1a1b26","notebook.cellBorderColor":"#101014","notebook.cellEditorBackground":"#16161e","notebook.cellStatusBarItemHoverBackground":"#1c1d29","notebook.editorBackground":"#1a1b26","notebook.focusedCellBorder":"#29355a","notificationCenterHeader.background":"#101014","notificationLink.foreground":"#6183bb","notifications.background":"#101014","notificationsErrorIcon.foreground":"#bb616b","notificationsInfoIcon.foreground":"#0da0ba","notificationsWarningIcon.foreground":"#bba461","panel.background":"#16161e","panel.border":"#101014","panelInput.border":"#16161e","panelTitle.activeBorder":"#16161e","panelTitle.activeForeground":"#787c99","panelTitle.inactiveForeground":"#42465d","peekView.border":"#101014","peekViewEditor.background":"#16161e","peekViewEditor.matchHighlightBackground":"#3d59a166","peekViewResult.background":"#101014","peekViewResult.fileForeground":"#787c99","peekViewResult.lineForeground":"#a9b1d6","peekViewResult.matchHighlightBackground":"#3d59a166","peekViewResult.selectionBackground":"#3d59a133","peekViewResult.selectionForeground":"#a9b1d6","peekViewTitle.background":"#101014","peekViewTitleDescription.foreground":"#787c99","peekViewTitleLabel.foreground":"#a9b1d6","pickerGroup.border":"#101014","pickerGroup.foreground":"#a9b1d6","progressBar.background":"#3d59a1","sash.hoverBorder":"#29355a","scmGraph.foreground1":"#ff9e64","scmGraph.foreground2":"#e0af68","scmGraph.foreground3":"#41a6b5","scmGraph.foreground4":"#7aa2f7","scmGraph.foreground5":"#bb9af7","scmGraph.historyItemBaseRefColor":"#9d7cd8","scmGraph.historyItemHoverAdditionsForeground":"#41a6b5","scmGraph.historyItemHoverDefaultLabelForeground":"#a9b1d6","scmGraph.historyItemHoverDeletionsForeground":"#f7768e","scmGraph.historyItemHoverLabelForeground":"#1b1e2e","scmGraph.historyItemRefColor":"#506FCA","scmGraph.historyItemRemoteRefColor":"#41a6b5","scrollbar.shadow":"#00000033","scrollbarSlider.activeBackground":"#868bc422","scrollbarSlider.background":"#868bc415","scrollbarSlider.hoverBackground":"#868bc410","selection.background":"#515c7e40","settings.headerForeground":"#6183bb","sideBar.background":"#16161e","sideBar.border":"#101014","sideBar.dropBackground":"#1e202e","sideBar.foreground":"#787c99","sideBarSectionHeader.background":"#16161e","sideBarSectionHeader.border":"#101014","sideBarSectionHeader.foreground":"#a9b1d6","sideBarTitle.foreground":"#787c99","statusBar.background":"#16161e","statusBar.border":"#101014","statusBar.debuggingBackground":"#16161e","statusBar.debuggingForeground":"#787c99","statusBar.foreground":"#787c99","statusBar.noFolderBackground":"#16161e","statusBarItem.activeBackground":"#101014","statusBarItem.hoverBackground":"#20222c","statusBarItem.prominentBackground":"#101014","statusBarItem.prominentHoverBackground":"#20222c","tab.activeBackground":"#16161e","tab.activeBorder":"#3d59a1","tab.activeForeground":"#a9b1d6","tab.activeModifiedBorder":"#1a1b26","tab.border":"#101014","tab.hoverForeground":"#a9b1d6","tab.inactiveBackground":"#16161e","tab.inactiveForeground":"#787c99","tab.inactiveModifiedBorder":"#1f202e","tab.lastPinnedBorder":"#222333","tab.unfocusedActiveBorder":"#1f202e","tab.unfocusedActiveForeground":"#a9b1d6","tab.unfocusedHoverForeground":"#a9b1d6","tab.unfocusedInactiveForeground":"#787c99","terminal.ansiBlack":"#363b54","terminal.ansiBlue":"#7aa2f7","terminal.ansiBrightBlack":"#363b54","terminal.ansiBrightBlue":"#7aa2f7","terminal.ansiBrightCyan":"#7dcfff","terminal.ansiBrightGreen":"#73daca","terminal.ansiBrightMagenta":"#bb9af7","terminal.ansiBrightRed":"#f7768e","terminal.ansiBrightWhite":"#acb0d0","terminal.ansiBrightYellow":"#e0af68","terminal.ansiCyan":"#7dcfff","terminal.ansiGreen":"#73daca","terminal.ansiMagenta":"#bb9af7","terminal.ansiRed":"#f7768e","terminal.ansiWhite":"#787c99","terminal.ansiYellow":"#e0af68","terminal.background":"#16161e","terminal.foreground":"#787c99","terminal.selectionBackground":"#515c7e4d","textBlockQuote.background":"#16161e","textCodeBlock.background":"#16161e","textLink.activeForeground":"#7dcfff","textLink.foreground":"#6183bb","textPreformat.foreground":"#9699a8","textSeparator.foreground":"#363b54","titleBar.activeBackground":"#16161e","titleBar.activeForeground":"#787c99","titleBar.border":"#101014","titleBar.inactiveBackground":"#16161e","titleBar.inactiveForeground":"#787c99","toolbar.activeBackground":"#202330","toolbar.hoverBackground":"#202330","tree.indentGuidesStroke":"#2b2b3b","walkThrough.embeddedEditorBackground":"#16161e","widget.shadow":"#ffffff00","window.activeBorder":"#0d0f17","window.inactiveBorder":"#0d0f17"},"displayName":"Tokyo Night","name":"tokyo-night","semanticTokenColors":{"*.defaultLibrary":{"foreground":"#2ac3de"},"parameter":{"foreground":"#d9d4cd"},"parameter.declaration":{"foreground":"#e0af68"},"property.declaration":{"foreground":"#73daca"},"property.defaultLibrary":{"foreground":"#2ac3de"},"variable":{"foreground":"#c0caf5"},"variable.declaration":{"foreground":"#bb9af7"},"variable.defaultLibrary":{"foreground":"#2ac3de"}},"tokenColors":[{"scope":["comment","meta.var.expr storage.type","keyword.control.flow","keyword.control.return","meta.directive.vue punctuation.separator.key-value.html","meta.directive.vue entity.other.attribute-name.html","tag.decorator.js entity.name.tag.js","tag.decorator.js punctuation.definition.tag.js","storage.modifier","string.quoted.docstring.multi","string.quoted.docstring.multi.python punctuation.definition.string.begin","string.quoted.docstring.multi.python punctuation.definition.string.end","string.quoted.docstring.multi.python constant.character.escape"],"settings":{"fontStyle":"italic"}},{"scope":["keyword.control.flow.block-scalar.literal","keyword.control.flow.python"],"settings":{"fontStyle":""}},{"scope":["comment","comment.block.documentation","punctuation.definition.comment","comment.block.documentation punctuation","string.quoted.docstring.multi","string.quoted.docstring.multi.python punctuation.definition.string.begin","string.quoted.docstring.multi.python punctuation.definition.string.end","string.quoted.docstring.multi.python constant.character.escape"],"settings":{"foreground":"#51597d"}},{"scope":["keyword.operator.assignment.jsdoc","comment.block.documentation variable","comment.block.documentation storage","comment.block.documentation keyword","comment.block.documentation support","comment.block.documentation markup","comment.block.documentation markup.inline.raw.string.markdown","meta.other.type.phpdoc.php keyword.other.type.php","meta.other.type.phpdoc.php support.other.namespace.php","meta.other.type.phpdoc.php punctuation.separator.inheritance.php","meta.other.type.phpdoc.php support.class","keyword.other.phpdoc.php","log.date"],"settings":{"foreground":"#5a638c"}},{"scope":["meta.other.type.phpdoc.php support.class","comment.block.documentation storage.type","comment.block.documentation punctuation.definition.block.tag","comment.block.documentation entity.name.type.instance"],"settings":{"foreground":"#646e9c"}},{"scope":["variable.other.constant","punctuation.definition.constant","constant.language","constant.numeric","support.constant","constant.other.caps"],"settings":{"foreground":"#ff9e64"}},{"scope":["string","constant.other.symbol","constant.other.key","meta.attribute-selector","string constant.character"],"settings":{"fontStyle":"","foreground":"#9ece6a"}},{"scope":["constant.other.color","constant.other.color.rgb-value.hex punctuation.definition.constant"],"settings":{"foreground":"#9aa5ce"}},{"scope":["invalid","invalid.illegal"],"settings":{"foreground":"#ff5370"}},{"scope":"invalid.deprecated","settings":{"foreground":"#bb9af7"}},{"scope":"storage.type","settings":{"foreground":"#bb9af7"}},{"scope":["meta.var.expr storage.type","storage.modifier"],"settings":{"foreground":"#9d7cd8"}},{"scope":["punctuation.definition.template-expression","punctuation.section.embedded","meta.embedded.line.tag.smarty","support.constant.handlebars","punctuation.section.tag.twig"],"settings":{"foreground":"#7dcfff"}},{"scope":["keyword.control.smarty","keyword.control.twig","support.constant.handlebars keyword.control","keyword.operator.comparison.twig","keyword.blade","entity.name.function.blade","meta.tag.blade keyword.other.type.php"],"settings":{"foreground":"#0db9d7"}},{"scope":["keyword.operator.spread","keyword.operator.rest"],"settings":{"fontStyle":"bold","foreground":"#f7768e"}},{"scope":["keyword.operator","keyword.control.as","keyword.other","keyword.operator.bitwise.shift","punctuation","expression.embbeded.vue punctuation.definition.tag","text.html.twig meta.tag.inline.any.html","meta.tag.template.value.twig meta.function.arguments.twig","meta.directive.vue punctuation.separator.key-value.html","punctuation.definition.constant.markdown","punctuation.definition.string","punctuation.support.type.property-name","text.html.vue-html meta.tag","meta.attribute.directive","punctuation.definition.keyword","punctuation.terminator.rule","punctuation.definition.entity","punctuation.separator.inheritance.php","keyword.other.template","keyword.other.substitution","entity.name.operator","meta.property-list punctuation.separator.key-value","meta.at-rule.mixin punctuation.separator.key-value","meta.at-rule.function variable.parameter.url","meta.embedded.inline.phpx punctuation.definition.tag.begin.html","meta.embedded.inline.phpx punctuation.definition.tag.end.html"],"settings":{"foreground":"#89ddff"}},{"scope":["keyword.control.module.js","keyword.control.import","keyword.control.export","keyword.control.from","keyword.control.default","meta.import keyword.other"],"settings":{"foreground":"#7dcfff"}},{"scope":["keyword","keyword.control","keyword.other.important"],"settings":{"foreground":"#bb9af7"}},{"scope":"keyword.other.DML","settings":{"foreground":"#7dcfff"}},{"scope":["keyword.operator.logical","storage.type.function","keyword.operator.bitwise","keyword.operator.ternary","keyword.operator.comparison","keyword.operator.relational","keyword.operator.or.regexp"],"settings":{"foreground":"#bb9af7"}},{"scope":"entity.name.tag","settings":{"foreground":"#f7768e"}},{"scope":["entity.name.tag support.class.component","meta.tag.custom entity.name.tag","meta.tag.other.unrecognized.html.derivative entity.name.tag","meta.tag"],"settings":{"foreground":"#de5971"}},{"scope":["punctuation.definition.tag","text.html.php meta.embedded.block.html meta.tag.metadata.script.end.html punctuation.definition.tag.begin.html text.html.basic"],"settings":{"foreground":"#ba3c97"}},{"scope":["constant.other.php","variable.other.global.safer","variable.other.global.safer punctuation.definition.variable","variable.other.global","variable.other.global punctuation.definition.variable","constant.other"],"settings":{"foreground":"#e0af68"}},{"scope":["variable","support.variable","string constant.other.placeholder","variable.parameter.handlebars","variable.other.object","meta.fstring","meta.function-call meta.function-call.arguments","meta.embedded.inline.phpx constant.other.php"],"settings":{"foreground":"#c0caf5"}},{"scope":"meta.array.literal variable","settings":{"foreground":"#7dcfff"}},{"scope":["meta.object-literal.key","entity.name.type.hcl","string.alias.graphql","string.unquoted.graphql","string.unquoted.alias.graphql","meta.group.braces.curly constant.other.object.key.js string.unquoted.label.js","meta.field.declaration.ts variable.object.property","meta.block entity.name.label"],"settings":{"foreground":"#73daca"}},{"scope":["variable.other.property","support.variable.property","support.variable.property.dom","meta.function-call variable.other.object.property"],"settings":{"foreground":"#7dcfff"}},{"scope":"variable.other.object.property","settings":{"foreground":"#c0caf5"}},{"scope":"meta.objectliteral meta.object.member meta.objectliteral meta.object.member meta.objectliteral meta.object.member meta.object-literal.key","settings":{"foreground":"#41a6b5"}},{"scope":"source.cpp meta.block variable.other","settings":{"foreground":"#f7768e"}},{"scope":"support.other.variable","settings":{"foreground":"#f7768e"}},{"scope":["meta.class-method.js entity.name.function.js","entity.name.method.js","variable.function.constructor","keyword.other.special-method","storage.type.cs"],"settings":{"foreground":"#7aa2f7"}},{"scope":["entity.name.function","variable.other.enummember","meta.function-call","meta.function-call entity.name.function","variable.function","meta.definition.method entity.name.function","meta.object-literal entity.name.function"],"settings":{"foreground":"#7aa2f7"}},{"scope":["variable.parameter.function.language.special","variable.parameter","meta.function.parameters punctuation.definition.variable","meta.function.parameter variable"],"settings":{"foreground":"#e0af68"}},{"scope":["keyword.other.type.php","storage.type.php","constant.character","constant.escape","keyword.other.unit"],"settings":{"foreground":"#bb9af7"}},{"scope":["meta.definition.variable variable.other.constant","meta.definition.variable variable.other.readwrite","variable.declaration.hcl variable.other.readwrite.hcl","meta.mapping.key.hcl variable.other.readwrite.hcl","variable.other.declaration"],"settings":{"foreground":"#bb9af7"}},{"scope":"entity.other.inherited-class","settings":{"fontStyle":"","foreground":"#bb9af7"}},{"scope":["support.class","support.type","variable.other.readwrite.alias","support.orther.namespace.use.php","meta.use.php","support.other.namespace.php","support.type.sys-types","support.variable.dom","support.constant.math","support.type.object.module","support.constant.json","entity.name.namespace","meta.import.qualifier","variable.other.constant.object"],"settings":{"foreground":"#0db9d7"}},{"scope":"entity.name","settings":{"foreground":"#c0caf5"}},{"scope":"support.function","settings":{"foreground":"#0db9d7"}},{"scope":["source.css support.type.property-name","source.sass support.type.property-name","source.scss support.type.property-name","source.less support.type.property-name","source.stylus support.type.property-name","source.postcss support.type.property-name","support.type.property-name.css","support.type.vendored.property-name","support.type.map.key"],"settings":{"foreground":"#7aa2f7"}},{"scope":["support.constant.font-name","meta.definition.variable"],"settings":{"foreground":"#9ece6a"}},{"scope":["entity.other.attribute-name.class","meta.at-rule.mixin.scss entity.name.function.scss"],"settings":{"foreground":"#9ece6a"}},{"scope":"entity.other.attribute-name.id","settings":{"foreground":"#fc7b7b"}},{"scope":"entity.name.tag.css","settings":{"foreground":"#0db9d7"}},{"scope":["entity.other.attribute-name.pseudo-class punctuation.definition.entity","entity.other.attribute-name.pseudo-element punctuation.definition.entity","entity.other.attribute-name.class punctuation.definition.entity","entity.name.tag.reference"],"settings":{"foreground":"#e0af68"}},{"scope":"meta.property-list","settings":{"foreground":"#9abdf5"}},{"scope":["meta.property-list meta.at-rule.if","meta.at-rule.return variable.parameter.url","meta.property-list meta.at-rule.else"],"settings":{"foreground":"#ff9e64"}},{"scope":["entity.other.attribute-name.parent-selector-suffix punctuation.definition.entity.css"],"settings":{"foreground":"#73daca"}},{"scope":"meta.property-list meta.property-list","settings":{"foreground":"#9abdf5"}},{"scope":["meta.at-rule.mixin keyword.control.at-rule.mixin","meta.at-rule.include entity.name.function.scss","meta.at-rule.include keyword.control.at-rule.include"],"settings":{"foreground":"#bb9af7"}},{"scope":["keyword.control.at-rule.include punctuation.definition.keyword","keyword.control.at-rule.mixin punctuation.definition.keyword","meta.at-rule.include keyword.control.at-rule.include","keyword.control.at-rule.extend punctuation.definition.keyword","meta.at-rule.extend keyword.control.at-rule.extend","entity.other.attribute-name.placeholder.css punctuation.definition.entity.css","meta.at-rule.media keyword.control.at-rule.media","meta.at-rule.mixin keyword.control.at-rule.mixin","meta.at-rule.function keyword.control.at-rule.function","keyword.control punctuation.definition.keyword"],"settings":{"foreground":"#9d7cd8"}},{"scope":"meta.property-list meta.at-rule.include","settings":{"foreground":"#c0caf5"}},{"scope":"support.constant.property-value","settings":{"foreground":"#ff9e64"}},{"scope":["entity.name.module.js","variable.import.parameter.js","variable.other.class.js"],"settings":{"foreground":"#c0caf5"}},{"scope":"variable.language","settings":{"foreground":"#f7768e"}},{"scope":"variable.other punctuation.definition.variable","settings":{"foreground":"#c0caf5"}},{"scope":["source.js constant.other.object.key.js string.unquoted.label.js","variable.language.this punctuation.definition.variable","keyword.other.this"],"settings":{"foreground":"#f7768e"}},{"scope":["entity.other.attribute-name","text.html.basic entity.other.attribute-name.html","text.html.basic entity.other.attribute-name"],"settings":{"foreground":"#bb9af7"}},{"scope":"text.html constant.character.entity","settings":{"foreground":"#0DB9D7"}},{"scope":["entity.other.attribute-name.id.html","meta.directive.vue entity.other.attribute-name.html"],"settings":{"foreground":"#bb9af7"}},{"scope":"source.sass keyword.control","settings":{"foreground":"#7aa2f7"}},{"scope":["entity.other.attribute-name.pseudo-class","entity.other.attribute-name.pseudo-element","entity.other.attribute-name.placeholder","meta.property-list meta.property-value"],"settings":{"foreground":"#bb9af7"}},{"scope":"markup.inserted","settings":{"foreground":"#449dab"}},{"scope":"markup.deleted","settings":{"foreground":"#914c54"}},{"scope":"markup.changed","settings":{"foreground":"#6183bb"}},{"scope":"string.regexp","settings":{"foreground":"#b4f9f8"}},{"scope":"punctuation.definition.group","settings":{"foreground":"#f7768e"}},{"scope":["constant.other.character-class.regexp"],"settings":{"foreground":"#bb9af7"}},{"scope":["constant.other.character-class.set.regexp","punctuation.definition.character-class.regexp"],"settings":{"foreground":"#e0af68"}},{"scope":"keyword.operator.quantifier.regexp","settings":{"foreground":"#89ddff"}},{"scope":"constant.character.escape.backslash","settings":{"foreground":"#c0caf5"}},{"scope":"constant.character.escape","settings":{"foreground":"#89ddff"}},{"scope":["tag.decorator.js entity.name.tag.js","tag.decorator.js punctuation.definition.tag.js"],"settings":{"foreground":"#7aa2f7"}},{"scope":"keyword.other.unit","settings":{"foreground":"#f7768e"}},{"scope":["source.json meta.structure.dictionary.json support.type.property-name.json"],"settings":{"foreground":"#7aa2f7"}},{"scope":["source.json meta.structure.dictionary.json meta.structure.dictionary.value.json meta.structure.dictionary.json support.type.property-name.json"],"settings":{"foreground":"#0db9d7"}},{"scope":["source.json meta.structure.dictionary.json meta.structure.dictionary.value.json meta.structure.dictionary.json meta.structure.dictionary.value.json meta.structure.dictionary.json support.type.property-name.json"],"settings":{"foreground":"#7dcfff"}},{"scope":["source.json meta.structure.dictionary.json meta.structure.dictionary.value.json meta.structure.dictionary.json meta.structure.dictionary.value.json meta.structure.dictionary.json meta.structure.dictionary.value.json meta.structure.dictionary.json support.type.property-name.json"],"settings":{"foreground":"#bb9af7"}},{"scope":["source.json meta.structure.dictionary.json meta.structure.dictionary.value.json meta.structure.dictionary.json meta.structure.dictionary.value.json meta.structure.dictionary.json meta.structure.dictionary.value.json meta.structure.dictionary.json meta.structure.dictionary.value.json meta.structure.dictionary.json support.type.property-name.json"],"settings":{"foreground":"#e0af68"}},{"scope":["source.json meta.structure.dictionary.json meta.structure.dictionary.value.json meta.structure.dictionary.json meta.structure.dictionary.value.json meta.structure.dictionary.json meta.structure.dictionary.value.json meta.structure.dictionary.json meta.structure.dictionary.value.json meta.structure.dictionary.json meta.structure.dictionary.value.json meta.structure.dictionary.json support.type.property-name.json"],"settings":{"foreground":"#0db9d7"}},{"scope":["source.json meta.structure.dictionary.json meta.structure.dictionary.value.json meta.structure.dictionary.json meta.structure.dictionary.value.json meta.structure.dictionary.json meta.structure.dictionary.value.json meta.structure.dictionary.json meta.structure.dictionary.value.json meta.structure.dictionary.json meta.structure.dictionary.value.json meta.structure.dictionary.json meta.structure.dictionary.value.json meta.structure.dictionary.json support.type.property-name.json"],"settings":{"foreground":"#73daca"}},{"scope":["source.json meta.structure.dictionary.json meta.structure.dictionary.value.json meta.structure.dictionary.json meta.structure.dictionary.value.json meta.structure.dictionary.json meta.structure.dictionary.value.json meta.structure.dictionary.json meta.structure.dictionary.value.json meta.structure.dictionary.json meta.structure.dictionary.value.json meta.structure.dictionary.json meta.structure.dictionary.value.json meta.structure.dictionary.json meta.structure.dictionary.value.json meta.structure.dictionary.json support.type.property-name.json"],"settings":{"foreground":"#f7768e"}},{"scope":["source.json meta.structure.dictionary.json meta.structure.dictionary.value.json meta.structure.dictionary.json meta.structure.dictionary.value.json meta.structure.dictionary.json meta.structure.dictionary.value.json meta.structure.dictionary.json meta.structure.dictionary.value.json meta.structure.dictionary.json meta.structure.dictionary.value.json meta.structure.dictionary.json meta.structure.dictionary.value.json meta.structure.dictionary.json meta.structure.dictionary.value.json meta.structure.dictionary.json meta.structure.dictionary.value.json meta.structure.dictionary.json support.type.property-name.json"],"settings":{"foreground":"#9ece6a"}},{"scope":"punctuation.definition.list_item.markdown","settings":{"foreground":"#9abdf5"}},{"scope":["meta.block","meta.brace","punctuation.definition.block","punctuation.definition.use","punctuation.definition.class","punctuation.definition.begin.bracket","punctuation.definition.end.bracket","punctuation.definition.switch-expression.begin.bracket","punctuation.definition.switch-expression.end.bracket","punctuation.definition.section.switch-block.begin.bracket","punctuation.definition.section.switch-block.end.bracket","punctuation.definition.group.shell","punctuation.definition.parameters","punctuation.definition.arguments","punctuation.definition.dictionary","punctuation.definition.array","punctuation.section"],"settings":{"foreground":"#9abdf5"}},{"scope":["meta.embedded.block"],"settings":{"foreground":"#c0caf5"}},{"scope":["meta.tag JSXNested","meta.jsx.children","text.html","text.log"],"settings":{"foreground":"#9aa5ce"}},{"scope":"text.html.markdown markup.inline.raw.markdown","settings":{"foreground":"#bb9af7"}},{"scope":"text.html.markdown markup.inline.raw.markdown punctuation.definition.raw.markdown","settings":{"foreground":"#4E5579"}},{"scope":["heading.1.markdown entity.name","heading.1.markdown punctuation.definition.heading.markdown"],"settings":{"fontStyle":"bold","foreground":"#89ddff"}},{"scope":["heading.2.markdown entity.name","heading.2.markdown punctuation.definition.heading.markdown"],"settings":{"fontStyle":"bold","foreground":"#61bdf2"}},{"scope":["heading.3.markdown entity.name","heading.3.markdown punctuation.definition.heading.markdown"],"settings":{"fontStyle":"bold","foreground":"#7aa2f7"}},{"scope":["heading.4.markdown entity.name","heading.4.markdown punctuation.definition.heading.markdown"],"settings":{"fontStyle":"bold","foreground":"#6d91de"}},{"scope":["heading.5.markdown entity.name","heading.5.markdown punctuation.definition.heading.markdown"],"settings":{"fontStyle":"bold","foreground":"#9aa5ce"}},{"scope":["heading.6.markdown entity.name","heading.6.markdown punctuation.definition.heading.markdown"],"settings":{"fontStyle":"bold","foreground":"#747ca1"}},{"scope":["markup.italic","markup.italic punctuation"],"settings":{"fontStyle":"italic","foreground":"#c0caf5"}},{"scope":["markup.bold","markup.bold punctuation"],"settings":{"fontStyle":"bold","foreground":"#c0caf5"}},{"scope":["markup.bold markup.italic","markup.bold markup.italic punctuation"],"settings":{"fontStyle":"bold italic","foreground":"#c0caf5"}},{"scope":["markup.underline","markup.underline punctuation"],"settings":{"fontStyle":"underline"}},{"scope":"markup.quote punctuation.definition.blockquote.markdown","settings":{"foreground":"#4e5579"}},{"scope":"markup.quote","settings":{"fontStyle":"italic"}},{"scope":["string.other.link","markup.underline.link","constant.other.reference.link.markdown","string.other.link.description.title.markdown"],"settings":{"foreground":"#73daca"}},{"scope":["markup.fenced_code.block.markdown","markup.inline.raw.string.markdown","variable.language.fenced.markdown"],"settings":{"foreground":"#89ddff"}},{"scope":"meta.separator","settings":{"fontStyle":"bold","foreground":"#51597d"}},{"scope":"markup.table","settings":{"foreground":"#c0cefc"}},{"scope":"token.info-token","settings":{"foreground":"#0db9d7"}},{"scope":"token.warn-token","settings":{"foreground":"#ffdb69"}},{"scope":"token.error-token","settings":{"foreground":"#db4b4b"}},{"scope":"token.debug-token","settings":{"foreground":"#b267e6"}},{"scope":"entity.tag.apacheconf","settings":{"foreground":"#f7768e"}},{"scope":["meta.preprocessor"],"settings":{"foreground":"#73daca"}},{"scope":"source.env","settings":{"foreground":"#7aa2f7"}}],"type":"dark"}
